                                                                        S      1
1H,,1H;,73HC:\Users\oebil\Desktop\3D BASKI\0 - Belgeler\3D\hardkill\hardG      1
kill-tek.prt,39HC:\Users\oebil\Desktop\hardkill-tek.igs,8HNX V1953,28HSIG      2
EMENS PLM Software NX 1973,32,38,16,38,16,73HC:\Users\oebil\Desktop\3D BG      3
ASKI\0 - Belgeler\3D\hardkill\hardkill-tek.prt,1.0,2,2HMM,300,2.0,15H202G      4
40311.113247,1.0E-05,10000.0,,,11,0,15H20240311.102000;                 G      5
     406       1               1       1       0       0           10000D      1
     406      27       0       1       1                               0D      2
     406       2               1      -1       0       0                D      3
     406      27       0       1       3                               0D      4
     406       3               1       1       0       0           10000D      5
     406      27       0       1       1                               0D      6
     406       4               1      -5       0       0                D      7
     406      27       0       1       3                               0D      8
     406       5               1       1       0       0           10000D      9
     406      27       0       2       1                               0D     10
     406       7               1      -9       0       0                D     11
     406      27       0       1       3                               0D     12
     406       8               1       1       0       0           10000D     13
     406      27       0       2       1                               0D     14
     406      10               1     -13       0       0                D     15
     406      27       0       1       3                               0D     16
     406      11               1       1       0       0           10000D     17
     406      27       0       2       1                               0D     18
     406      13               1     -17       0       0                D     19
     406      27       0       1       3                               0D     20
     406      14               1       2       0       0                D     21
     406      27       0       1       3                               0D     22
     406      15               1       1       0       0                D     23
     406      27       0       1       3                               0D     24
     406      16               1       3       0       0                D     25
     406      27       0       1       3                               0D     26
     124      17               1       1       0       0               0D     27
     124      27       0       1       0                               0D     28
     314      18               1       1       0       0             200D     29
     314      27       2       1       0                               0D     30
     116      19               1      61       0      27               0D     31
     116      27     -29       1       0                               0D     32
     314      20               1       1       0       0             200D     33
     314      27       8       1       0                               0D     34
     116      21               1       1       0      27               0D     35
     116      20     -33       1       0                               0D     36
     110      22               1       1       0      27         1000000D     37
     110      20     -33       1       0                               0D     38
     110      23               1       1       0      27         1000000D     39
     110      20     -33       1       0                               0D     40
     110      24               1       1       0      27         1000000D     41
     110      20     -33       2       0                               0D     42
     110      26               1       1       0      27         1000000D     43
     110      20     -33       2       0                               0D     44
     110      28               1       2       0      27         1000000D     45
     110      27     -33       1       0                               0D     46
     100      29               1       1       0      27         1000000D     47
     100      20     -33       2       0                               0D     48
     100      31               1       1       0      27         1000000D     49
     100      20     -33       2       0                               0D     50
     108      33               1       1       0       0           10100D     51
     108      27       0       2       0                               0D     52
     108      35               1       1       0       0           10100D     53
     108      27       0       2       0                               0D     54
     108      37               1       1       0       0           10100D     55
     108      27       0       2       0                               0D     56
     108      39               1       1       0       0           10100D     57
     108      27       0       2       0                               0D     58
     406      41               1       1       0       0           10000D     59
     406      27       0       1      15                               0D     60
     410      42               1     256       0      27             100D     61
     410      27       0       1       0                     TOP       0D     62
     124      43               1       1       0       0               0D     63
     124      27       0       1       0                               0D     64
     108      44               1       1       0       0           10100D     65
     108      27       0       2       0                               0D     66
     108      46               1       1       0       0           10100D     67
     108      27       0       2       0                               0D     68
     108      48               1       1       0       0           10100D     69
     108      27       0       2       0                               0D     70
     108      50               1       1       0       0           10100D     71
     108      27       0       2       0                               0D     72
     406      52               1       1       0       0           10000D     73
     406      27       0       1      15                               0D     74
     410      53               1     256       0      63             100D     75
     410      27       0       1       0                   FRONT       0D     76
     124      54               1       1       0       0               0D     77
     124      27       0       1       0                               0D     78
     108      55               1       1       0       0           10100D     79
     108      27       0       2       0                               0D     80
     108      57               1       1       0       0           10100D     81
     108      27       0       2       0                               0D     82
     108      59               1       1       0       0           10100D     83
     108      27       0       2       0                               0D     84
     108      61               1       1       0       0           10100D     85
     108      27       0       2       0                               0D     86
     406      63               1       1       0       0           10000D     87
     406      27       0       1      15                               0D     88
     410      64               1     256       0      77             100D     89
     410      27       0       1       0                   RIGHT       0D     90
     124      65               1       1       0       0               0D     91
     124      27       0       1       0                               0D     92
     108      66               1       1       0       0           10100D     93
     108      27       0       2       0                               0D     94
     108      68               1       1       0       0           10100D     95
     108      27       0       2       0                               0D     96
     108      70               1       1       0       0           10100D     97
     108      27       0       2       0                               0D     98
     108      72               1       1       0       0           10100D     99
     108      27       0       2       0                               0D    100
     406      74               1       1       0       0           10000D    101
     406      27       0       1      15                               0D    102
     410      75               1     256       0      91             100D    103
     410      27       0       1       0                    BACK       0D    104
     124      76               1       1       0       0               0D    105
     124      27       0       1       0                               0D    106
     108      77               1       1       0       0           10100D    107
     108      27       0       2       0                               0D    108
     108      79               1       1       0       0           10100D    109
     108      27       0       2       0                               0D    110
     108      81               1       1       0       0           10100D    111
     108      27       0       2       0                               0D    112
     108      83               1       1       0       0           10100D    113
     108      27       0       2       0                               0D    114
     406      85               1       1       0       0           10000D    115
     406      27       0       1      15                               0D    116
     410      86               1     256       0     105             100D    117
     410      27       0       1       0                  BOTTOM       0D    118
     124      87               1       1       0       0               0D    119
     124      27       0       1       0                               0D    120
     108      88               1       1       0       0           10100D    121
     108      27       0       2       0                               0D    122
     108      90               1       1       0       0           10100D    123
     108      27       0       2       0                               0D    124
     108      92               1       1       0       0           10100D    125
     108      27       0       2       0                               0D    126
     108      94               1       1       0       0           10100D    127
     108      27       0       2       0                               0D    128
     406      96               1       1       0       0           10000D    129
     406      27       0       1      15                               0D    130
     410      97               1     256       0     119             100D    131
     410      27       0       1       0                    LEFT       0D    132
     124      98               1       1       0       0               0D    133
     124      27       0       3       0                               0D    134
     108     101               1       1       0       0           10100D    135
     108      27       0       2       0                               0D    136
     108     103               1       1       0       0           10100D    137
     108      27       0       3       0                               0D    138
     108     106               1       1       0       0           10100D    139
     108      27       0       3       0                               0D    140
     108     109               1       1       0       0           10100D    141
     108      27       0       3       0                               0D    142
     406     112               1       1       0       0           10000D    143
     406      27       0       1      15                               0D    144
     410     113               1     256       0     133             100D    145
     410      27       0       1       0                 TFR-ISO       0D    146
     124     114               1       1       0       0               0D    147
     124      27       0       3       0                               0D    148
     108     117               1       1       0       0           10100D    149
     108      27       0       2       0                               0D    150
     108     119               1       1       0       0           10100D    151
     108      27       0       2       0                               0D    152
     108     121               1       1       0       0           10100D    153
     108      27       0       3       0                               0D    154
     108     124               1       1       0       0           10100D    155
     108      27       0       3       0                               0D    156
     406     127               1       1       0       0           10000D    157
     406      27       0       1      15                               0D    158
     410     128               1     256       0     147             100D    159
     410      27       0       1       0                 TFR-TRI       0D    160
     124     129               1       1       0       0               0D    161
     124      27       0       1       0                               0D    162
     124     130               1       1       0       0               0D    163
     124      27       0       4       0                               0D    164
     124     134               1       1       0       0               0D    165
     124      27       0       1       0                               0D    166
     124     135               1       1       0       0               0D    167
     124      27       0       4       0                               0D    168
     314     139               1       1       0       0             200D    169
     314      27       8       2       0                               0D    170
     128     141               1       2       0      27           10000D    171
     128      20    -169      10       0                               0D    172
     126     151               1       2       0       0           10500D    173
     126      20    -169       2       0                               0D    174
     126     153               1       2       0       0           10500D    175
     126      20    -169       3       0                               0D    176
     126     156               1       2       0       0           10500D    177
     126      20    -169       3       0                               0D    178
     126     159               1       2       0       0           10500D    179
     126      20    -169       5       0                               0D    180
     126     164               1       2       0       0           10500D    181
     126      20    -169       2       0                               0D    182
     126     166               1       2       0       0           10500D    183
     126      20    -169       5       0                               0D    184
     126     171               1       2       0       0           10500D    185
     126      20    -169       3       0                               0D    186
     126     174               1       2       0       0           10500D    187
     126      20    -169       4       0                               0D    188
     102     178               1       2       0      27           10500D    189
     102      20    -169       1       0                               0D    190
     100     179               1       2       0     161           10000D    191
     100      20    -169       2       0                               0D    192
     126     181               1       2       0      27           10000D    193
     126      20    -169       5       0                               0D    194
     100     186               1       2       0     161           10000D    195
     100      20    -169       2       0                               0D    196
     104     188               1       2       0     163           10000D    197
     104      20    -169       3       1                               0D    198
     100     191               1       2       0     165           10000D    199
     100      20    -169       2       0                               0D    200
     104     193               1       2       0     167           10000D    201
     104      20    -169       3       1                               0D    202
     100     196               1       2       0     161           10000D    203
     100      20    -169       2       0                               0D    204
     126     198               1       2       0      27           10000D    205
     126      20    -169       5       0                               0D    206
     102     203               1       2       0      27           10000D    207
     102      20    -169       1       0                               0D    208
     142     204               1       2       0       0           10500D    209
     142      20    -169       1       0                               0D    210
     144     205               1       2       0      27               0D    211
     144      20    -169       1       0                               0D    212
     128     206               1       2       0      27           10000D    213
     128      20    -169      13       0                               0D    214
     126     219               1       2       0       0           10500D    215
     126      20    -169       3       0                               0D    216
     126     222               1       2       0       0           10500D    217
     126      20    -169       2       0                               0D    218
     126     224               1       2       0       0           10500D    219
     126      20    -169       2       0                               0D    220
     126     226               1       2       0       0           10500D    221
     126      20    -169       2       0                               0D    222
     126     228               1       2       0       0           10500D    223
     126      20    -169       2       0                               0D    224
     126     230               1       2       0       0           10500D    225
     126      20    -169       3       0                               0D    226
     126     233               1       2       0       0           10500D    227
     126      20    -169       3       0                               0D    228
     126     236               1       2       0       0           10500D    229
     126      20    -169       2       0                               0D    230
     126     238               1       2       0       0           10500D    231
     126      20    -169       2       0                               0D    232
     126     240               1       2       0       0           10500D    233
     126      20    -169       2       0                               0D    234
     126     242               1       2       0       0           10500D    235
     126      20    -169       2       0                               0D    236
     126     244               1       2       0       0           10500D    237
     126      20    -169       2       0                               0D    238
     126     246               1       2       0       0           10500D    239
     126      20    -169       2       0                               0D    240
     102     248               1       2       0      27           10500D    241
     102      20    -169       1       0                               0D    242
     126     249               1       2       0      27           10000D    243
     126      20    -169       6       0                               0D    244
     110     255               1       2       0      27           10000D    245
     110      20    -169       2       0                               0D    246
     100     257               1       2       0     165           10000D    247
     100      20    -169       2       0                               0D    248
     100     259               1       2       0     165           10000D    249
     100      20    -169       2       0                               0D    250
     110     261               1       2       0      27           10000D    251
     110      20    -169       2       0                               0D    252
     126     263               1       2       0      27           10000D    253
     126      20    -169       6       0                               0D    254
     100     269               1       2       0     161           10000D    255
     100      20    -169       2       0                               0D    256
     126     271               1       2       0      27           10000D    257
     126      20    -169       6       0                               0D    258
     100     277               1       2       0     161           10000D    259
     100      20    -169       2       0                               0D    260
     126     279               1       2       0      27           10000D    261
     126      20    -169       6       0                               0D    262
     100     285               1       2       0     161           10000D    263
     100      20    -169       2       0                               0D    264
     126     287               1       2       0      27           10000D    265
     126      20    -169       6       0                               0D    266
     100     293               1       2       0     161           10000D    267
     100      20    -169       2       0                               0D    268
     102     295               1       2       0      27           10000D    269
     102      20    -169       1       0                               0D    270
     142     296               1       2       0       0           10500D    271
     142      20    -169       1       0                               0D    272
     144     297               1       2       0      27               0D    273
     144      20    -169       1       0                               0D    274
     128     298               1       2       0      27           10000D    275
     128      20    -169       5       0                               0D    276
     126     303               1       2       0       0           10500D    277
     126      20    -169      28       0                               0D    278
     100     331               1       2       0     161           10000D    279
     100      20    -169       2       0                               0D    280
     142     333               1       2       0       0           10500D    281
     142      20    -169       1       0                               0D    282
     144     334               1       2       0      27               0D    283
     144      20    -169       1       0                               0D    284
     124     335               1       1       0       0               0D    285
     124      27       0       1       0                               0D    286
     128     336               1       2       0      27           10000D    287
     128      20    -169      30       0                               0D    288
     126     366               1       2       0       0           10500D    289
     126      20    -169       2       0                               0D    290
     126     368               1       2       0       0           10500D    291
     126      20    -169       2       0                               0D    292
     126     370               1       2       0       0           10500D    293
     126      20    -169       2       0                               0D    294
     126     372               1       2       0       0           10500D    295
     126      20    -169       2       0                               0D    296
     102     374               1       2       0      27           10500D    297
     102      20    -169       1       0                               0D    298
     100     375               1       2       0     161           10000D    299
     100      20    -169       2       0                               0D    300
     100     377               1       2       0     119           10000D    301
     100      20    -169       2       0                               0D    302
     100     379               1       2       0     165           10000D    303
     100      20    -169       2       0                               0D    304
     100     381               1       2       0     285           10000D    305
     100      20    -169       2       0                               0D    306
     102     383               1       2       0      27           10000D    307
     102      20    -169       1       0                               0D    308
     142     384               1       2       0       0           10500D    309
     142      20    -169       1       0                               0D    310
     144     385               1       2       0      27               0D    311
     144      20    -169       1       0                               0D    312
     128     386               1       2       0      27           10000D    313
     128      20    -169       5       0                               0D    314
     126     391               1       2       0       0           10500D    315
     126      20    -169      29       0                               0D    316
     100     420               1       2       0     165           10000D    317
     100      20    -169       2       0                               0D    318
     142     422               1       2       0       0           10500D    319
     142      20    -169       1       0                               0D    320
     126     423               1       2       0       0           10500D    321
     126      20    -169       3       0                               0D    322
     126     426               1       2       0       0           10500D    323
     126      20    -169       5       0                               0D    324
     126     431               1       2       0       0           10500D    325
     126      20    -169       3       0                               0D    326
     126     434               1       2       0       0           10500D    327
     126      20    -169       8       0                               0D    328
     102     442               1       2       0      27           10500D    329
     102      20    -169       1       0                               0D    330
     110     443               1       2       0      27           10000D    331
     110      20    -169       2       0                               0D    332
     100     445               1       2       0     165           10000D    333
     100      20    -169       2       0                               0D    334
     110     447               1       2       0      27           10000D    335
     110      20    -169       2       0                               0D    336
     100     449               1       2       0     161           10000D    337
     100      20    -169       2       0                               0D    338
     102     451               1       2       0      27           10000D    339
     102      20    -169       1       0                               0D    340
     142     452               1       2       0       0           10500D    341
     142      20    -169       1       0                               0D    342
     126     453               1       2       0       0           10500D    343
     126      20    -169       3       0                               0D    344
     126     456               1       2       0       0           10500D    345
     126      20    -169       5       0                               0D    346
     126     461               1       2       0       0           10500D    347
     126      20    -169       3       0                               0D    348
     126     464               1       2       0       0           10500D    349
     126      20    -169       9       0                               0D    350
     102     473               1       2       0      27           10500D    351
     102      20    -169       1       0                               0D    352
     110     474               1       2       0      27           10000D    353
     110      20    -169       2       0                               0D    354
     100     476               1       2       0     165           10000D    355
     100      20    -169       2       0                               0D    356
     110     478               1       2       0      27           10000D    357
     110      20    -169       2       0                               0D    358
     100     480               1       2       0     161           10000D    359
     100      20    -169       2       0                               0D    360
     102     482               1       2       0      27           10000D    361
     102      20    -169       1       0                               0D    362
     142     483               1       2       0       0           10500D    363
     142      20    -169       1       0                               0D    364
     126     484               1       2       0       0           10500D    365
     126      20    -169       3       0                               0D    366
     126     487               1       2       0       0           10500D    367
     126      20    -169       5       0                               0D    368
     126     492               1       2       0       0           10500D    369
     126      20    -169       3       0                               0D    370
     126     495               1       2       0       0           10500D    371
     126      20    -169       9       0                               0D    372
     102     504               1       2       0      27           10500D    373
     102      20    -169       1       0                               0D    374
     110     505               1       2       0      27           10000D    375
     110      20    -169       2       0                               0D    376
     100     507               1       2       0     165           10000D    377
     100      20    -169       2       0                               0D    378
     110     509               1       2       0      27           10000D    379
     110      20    -169       2       0                               0D    380
     100     511               1       2       0     161           10000D    381
     100      20    -169       2       0                               0D    382
     102     513               1       2       0      27           10000D    383
     102      20    -169       1       0                               0D    384
     142     514               1       2       0       0           10500D    385
     142      20    -169       1       0                               0D    386
     126     515               1       2       0       0           10500D    387
     126      20    -169       5       0                               0D    388
     126     520               1       2       0       0           10500D    389
     126      20    -169       3       0                               0D    390
     126     523               1       2       0       0           10500D    391
     126      20    -169       8       0                               0D    392
     126     531               1       2       0       0           10500D    393
     126      20    -169       3       0                               0D    394
     102     534               1       2       0      27           10500D    395
     102      20    -169       1       0                               0D    396
     100     535               1       2       0     165           10000D    397
     100      20    -169       2       0                               0D    398
     110     537               1       2       0      27           10000D    399
     110      20    -169       2       0                               0D    400
     100     539               1       2       0     161           10000D    401
     100      20    -169       2       0                               0D    402
     110     541               1       2       0      27           10000D    403
     110      20    -169       2       0                               0D    404
     102     543               1       2       0      27           10000D    405
     102      20    -169       1       0                               0D    406
     142     544               1       2       0       0           10500D    407
     142      20    -169       1       0                               0D    408
     144     545               1       2       0      27               0D    409
     144      20    -169       1       0                               0D    410
     128     546               1       2       0      27           10000D    411
     128      20    -169      34       0                               0D    412
     126     580               1       2       0       0           10500D    413
     126      20    -169       2       0                               0D    414
     126     582               1       2       0       0           10500D    415
     126      20    -169       2       0                               0D    416
     126     584               1       2       0       0           10500D    417
     126      20    -169       2       0                               0D    418
     126     586               1       2       0       0           10500D    419
     126      20    -169       2       0                               0D    420
     102     588               1       2       0      27           10500D    421
     102      20    -169       1       0                               0D    422
     100     589               1       2       0     161           10000D    423
     100      20    -169       2       0                               0D    424
     100     591               1       2       0     119           10000D    425
     100      20    -169       2       0                               0D    426
     100     593               1       2       0     165           10000D    427
     100      20    -169       2       0                               0D    428
     100     595               1       2       0     285           10000D    429
     100      20    -169       2       0                               0D    430
     102     597               1       2       0      27           10000D    431
     102      20    -169       1       0                               0D    432
     142     598               1       2       0       0           10500D    433
     142      20    -169       1       0                               0D    434
     144     599               1       2       0      27               0D    435
     144      20    -169       1       0                               0D    436
     128     600               1       2       0      27           10000D    437
     128      20    -169       5       0                               0D    438
     126     605               1       2       0       0           10500D    439
     126      20    -169       2       0                               0D    440
     126     607               1       2       0       0           10500D    441
     126      20    -169       2       0                               0D    442
     126     609               1       2       0       0           10500D    443
     126      20    -169       2       0                               0D    444
     126     611               1       2       0       0           10500D    445
     126      20    -169       2       0                               0D    446
     126     613               1       2       0       0           10500D    447
     126      20    -169       2       0                               0D    448
     126     615               1       2       0       0           10500D    449
     126      20    -169       2       0                               0D    450
     126     617               1       2       0       0           10500D    451
     126      20    -169       2       0                               0D    452
     102     619               1       2       0      27           10500D    453
     102      20    -169       1       0                               0D    454
     110     620               1       2       0      27           10000D    455
     110      20    -169       2       0                               0D    456
     110     622               1       2       0      27           10000D    457
     110      20    -169       2       0                               0D    458
     110     624               1       2       0      27           10000D    459
     110      20    -169       2       0                               0D    460
     110     626               1       2       0      27           10000D    461
     110      20    -169       2       0                               0D    462
     110     628               1       2       0      27           10000D    463
     110      20    -169       2       0                               0D    464
     110     630               1       2       0      27           10000D    465
     110      20    -169       2       0                               0D    466
     126     632               1       2       0      27           10000D    467
     126      20    -169       5       0                               0D    468
     102     637               1       2       0      27           10000D    469
     102      20    -169       1       0                               0D    470
     142     638               1       2       0       0           10500D    471
     142      20    -169       1       0                               0D    472
     144     639               1       2       0      27               0D    473
     144      20    -169       1       0                               0D    474
     124     640               1       1       0       0               0D    475
     124      27       0       4       0                               0D    476
     128     644               1       2       0      27           10000D    477
     128      20    -169       6       0                               0D    478
     126     650               1       2       0       0           10500D    479
     126      20    -169       2       0                               0D    480
     126     652               1       2       0       0           10500D    481
     126      20    -169       2       0                               0D    482
     126     654               1       2       0       0           10500D    483
     126      20    -169       2       0                               0D    484
     126     656               1       2       0       0           10500D    485
     126      20    -169       5       0                               0D    486
     102     661               1       2       0      27           10500D    487
     102      20    -169       1       0                               0D    488
     110     662               1       2       0      27           10000D    489
     110      20    -169       2       0                               0D    490
     110     664               1       2       0      27           10000D    491
     110      20    -169       2       0                               0D    492
     110     666               1       2       0      27           10000D    493
     110      20    -169       2       0                               0D    494
     104     668               1       2       0     475           10000D    495
     104      20    -169       3       1                               0D    496
     102     671               1       2       0      27           10000D    497
     102      20    -169       1       0                               0D    498
     142     672               1       2       0       0           10500D    499
     142      20    -169       1       0                               0D    500
     144     673               1       2       0      27               0D    501
     144      20    -169       1       0                               0D    502
     128     674               1       2       0      27           10000D    503
     128      20    -169       4       0                               0D    504
     126     678               1       2       0       0           10500D    505
     126      20    -169       3       0                               0D    506
     126     681               1       2       0       0           10500D    507
     126      20    -169       3       0                               0D    508
     126     684               1       2       0       0           10500D    509
     126      20    -169       2       0                               0D    510
     126     686               1       2       0       0           10500D    511
     126      20    -169       3       0                               0D    512
     126     689               1       2       0       0           10500D    513
     126      20    -169       3       0                               0D    514
     126     692               1       2       0       0           10500D    515
     126      20    -169       3       0                               0D    516
     126     695               1       2       0       0           10500D    517
     126      20    -169       2       0                               0D    518
     126     697               1       2       0       0           10500D    519
     126      20    -169       3       0                               0D    520
     102     700               1       2       0      27           10500D    521
     102      20    -169       1       0                               0D    522
     110     701               1       2       0      27           10000D    523
     110      20    -169       2       0                               0D    524
     126     703               1       2       0      27           10000D    525
     126      20    -169       5       0                               0D    526
     110     708               1       2       0      27           10000D    527
     110      20    -169       2       0                               0D    528
     126     710               1       2       0      27           10000D    529
     126      20    -169      10       0                               0D    530
     110     720               1       2       0      27           10000D    531
     110      20    -169       2       0                               0D    532
     110     722               1       2       0      27           10000D    533
     110      20    -169       2       0                               0D    534
     110     724               1       2       0      27           10000D    535
     110      20    -169       2       0                               0D    536
     110     726               1       2       0      27           10000D    537
     110      20    -169       2       0                               0D    538
     102     728               1       2       0      27           10000D    539
     102      20    -169       1       0                               0D    540
     142     729               1       2       0       0           10500D    541
     142      20    -169       1       0                               0D    542
     144     730               1       2       0      27               0D    543
     144      20    -169       1       0                               0D    544
     128     731               1       2       0      27           10000D    545
     128      20    -169       4       0                               0D    546
     126     735               1       2       0       0           10500D    547
     126      20    -169       3       0                               0D    548
     126     738               1       2       0       0           10500D    549
     126      20    -169       3       0                               0D    550
     126     741               1       2       0       0           10500D    551
     126      20    -169       3       0                               0D    552
     126     744               1       2       0       0           10500D    553
     126      20    -169       2       0                               0D    554
     126     746               1       2       0       0           10500D    555
     126      20    -169       3       0                               0D    556
     126     749               1       2       0       0           10500D    557
     126      20    -169       3       0                               0D    558
     126     752               1       2       0       0           10500D    559
     126      20    -169       3       0                               0D    560
     126     755               1       2       0       0           10500D    561
     126      20    -169       2       0                               0D    562
     102     757               1       2       0      27           10500D    563
     102      20    -169       1       0                               0D    564
     110     758               1       2       0      27           10000D    565
     110      20    -169       2       0                               0D    566
     110     760               1       2       0      27           10000D    567
     110      20    -169       2       0                               0D    568
     126     762               1       2       0      27           10000D    569
     126      20    -169       5       0                               0D    570
     110     767               1       2       0      27           10000D    571
     110      20    -169       2       0                               0D    572
     126     769               1       2       0      27           10000D    573
     126      20    -169       5       0                               0D    574
     110     774               1       2       0      27           10000D    575
     110      20    -169       2       0                               0D    576
     110     776               1       2       0      27           10000D    577
     110      20    -169       2       0                               0D    578
     110     778               1       2       0      27           10000D    579
     110      20    -169       2       0                               0D    580
     102     780               1       2       0      27           10000D    581
     102      20    -169       1       0                               0D    582
     142     781               1       2       0       0           10500D    583
     142      20    -169       1       0                               0D    584
     144     782               1       2       0      27               0D    585
     144      20    -169       1       0                               0D    586
     128     783               1       2       0      27           10000D    587
     128      20    -169       5       0                               0D    588
     126     788               1       2       0       0           10500D    589
     126      20    -169       2       0                               0D    590
     126     790               1       2       0       0           10500D    591
     126      20    -169       2       0                               0D    592
     126     792               1       2       0       0           10500D    593
     126      20    -169       2       0                               0D    594
     126     794               1       2       0       0           10500D    595
     126      20    -169       5       0                               0D    596
     102     799               1       2       0      27           10500D    597
     102      20    -169       1       0                               0D    598
     110     800               1       2       0      27           10000D    599
     110      20    -169       2       0                               0D    600
     110     802               1       2       0      27           10000D    601
     110      20    -169       2       0                               0D    602
     110     804               1       2       0      27           10000D    603
     110      20    -169       2       0                               0D    604
     104     806               1       2       0     475           10000D    605
     104      20    -169       3       1                               0D    606
     102     809               1       2       0      27           10000D    607
     102      20    -169       1       0                               0D    608
     142     810               1       2       0       0           10500D    609
     142      20    -169       1       0                               0D    610
     144     811               1       2       0      27               0D    611
     144      20    -169       1       0                               0D    612
     128     812               1       2       0      27           10000D    613
     128      20    -169       6       0                               0D    614
     126     818               1       2       0       0           10500D    615
     126      20    -169       2       0                               0D    616
     126     820               1       2       0       0           10500D    617
     126      20    -169       2       0                               0D    618
     126     822               1       2       0       0           10500D    619
     126      20    -169       2       0                               0D    620
     126     824               1       2       0       0           10500D    621
     126      20    -169       2       0                               0D    622
     102     826               1       2       0      27           10500D    623
     102      20    -169       1       0                               0D    624
     110     827               1       2       0      27           10000D    625
     110      20    -169       2       0                               0D    626
     110     829               1       2       0      27           10000D    627
     110      20    -169       2       0                               0D    628
     110     831               1       2       0      27           10000D    629
     110      20    -169       2       0                               0D    630
     110     833               1       2       0      27           10000D    631
     110      20    -169       2       0                               0D    632
     102     835               1       2       0      27           10000D    633
     102      20    -169       1       0                               0D    634
     142     836               1       2       0       0           10500D    635
     142      20    -169       1       0                               0D    636
     144     837               1       2       0      27               0D    637
     144      20    -169       1       0                               0D    638
     128     838               1       2       0      27           10000D    639
     128      20    -169       6       0                               0D    640
     126     844               1       2       0       0           10500D    641
     126      20    -169       2       0                               0D    642
     126     846               1       2       0       0           10500D    643
     126      20    -169       2       0                               0D    644
     126     848               1       2       0       0           10500D    645
     126      20    -169       2       0                               0D    646
     126     850               1       2       0       0           10500D    647
     126      20    -169       2       0                               0D    648
     102     852               1       2       0      27           10500D    649
     102      20    -169       1       0                               0D    650
     110     853               1       2       0      27           10000D    651
     110      20    -169       2       0                               0D    652
     110     855               1       2       0      27           10000D    653
     110      20    -169       2       0                               0D    654
     110     857               1       2       0      27           10000D    655
     110      20    -169       2       0                               0D    656
     110     859               1       2       0      27           10000D    657
     110      20    -169       2       0                               0D    658
     102     861               1       2       0      27           10000D    659
     102      20    -169       1       0                               0D    660
     142     862               1       2       0       0           10500D    661
     142      20    -169       1       0                               0D    662
     144     863               1       2       0      27               0D    663
     144      20    -169       1       0                               0D    664
     128     864               1       2       0      27           10000D    665
     128      20    -169       6       0                               0D    666
     126     870               1       2       0       0           10500D    667
     126      20    -169       2       0                               0D    668
     126     872               1       2       0       0           10500D    669
     126      20    -169       2       0                               0D    670
     126     874               1       2       0       0           10500D    671
     126      20    -169       2       0                               0D    672
     126     876               1       2       0       0           10500D    673
     126      20    -169       2       0                               0D    674
     126     878               1       2       0       0           10500D    675
     126      20    -169       2       0                               0D    676
     102     880               1       2       0      27           10500D    677
     102      20    -169       1       0                               0D    678
     110     881               1       2       0      27           10000D    679
     110      20    -169       2       0                               0D    680
     110     883               1       2       0      27           10000D    681
     110      20    -169       2       0                               0D    682
     110     885               1       2       0      27           10000D    683
     110      20    -169       2       0                               0D    684
     110     887               1       2       0      27           10000D    685
     110      20    -169       2       0                               0D    686
     110     889               1       2       0      27           10000D    687
     110      20    -169       2       0                               0D    688
     102     891               1       2       0      27           10000D    689
     102      20    -169       1       0                               0D    690
     142     892               1       2       0       0           10500D    691
     142      20    -169       1       0                               0D    692
     144     893               1       2       0      27               0D    693
     144      20    -169       1       0                               0D    694
     128     894               1       2       0      27           10000D    695
     128      20    -169       6       0                               0D    696
     126     900               1       2       0       0           10500D    697
     126      20    -169       2       0                               0D    698
     126     902               1       2       0       0           10500D    699
     126      20    -169       2       0                               0D    700
     126     904               1       2       0       0           10500D    701
     126      20    -169       2       0                               0D    702
     126     906               1       2       0       0           10500D    703
     126      20    -169       5       0                               0D    704
     102     911               1       2       0      27           10500D    705
     102      20    -169       1       0                               0D    706
     110     912               1       2       0      27           10000D    707
     110      20    -169       2       0                               0D    708
     110     914               1       2       0      27           10000D    709
     110      20    -169       2       0                               0D    710
     110     916               1       2       0      27           10000D    711
     110      20    -169       2       0                               0D    712
     104     918               1       2       0     163           10000D    713
     104      20    -169       3       1                               0D    714
     102     921               1       2       0      27           10000D    715
     102      20    -169       1       0                               0D    716
     142     922               1       2       0       0           10500D    717
     142      20    -169       1       0                               0D    718
     144     923               1       2       0      27               0D    719
     144      20    -169       1       0                               0D    720
     128     924               1       2       0      27           10000D    721
     128      20    -169       6       0                               0D    722
     126     930               1       2       0       0           10500D    723
     126      20    -169       2       0                               0D    724
     126     932               1       2       0       0           10500D    725
     126      20    -169       2       0                               0D    726
     126     934               1       2       0       0           10500D    727
     126      20    -169       3       0                               0D    728
     126     937               1       2       0       0           10500D    729
     126      20    -169       2       0                               0D    730
     102     939               1       2       0      27           10500D    731
     102      20    -169       1       0                               0D    732
     110     940               1       2       0      27           10000D    733
     110      20    -169       2       0                               0D    734
     110     942               1       2       0      27           10000D    735
     110      20    -169       2       0                               0D    736
     110     944               1       2       0      27           10000D    737
     110      20    -169       2       0                               0D    738
     102     946               1       2       0      27           10000D    739
     102      20    -169       1       0                               0D    740
     142     947               1       2       0       0           10500D    741
     142      20    -169       1       0                               0D    742
     144     948               1       2       0      27               0D    743
     144      20    -169       1       0                               0D    744
     128     949               1       2       0      27           10000D    745
     128      20    -169       6       0                               0D    746
     126     955               1       2       0       0           10500D    747
     126      20    -169       2       0                               0D    748
     126     957               1       2       0       0           10500D    749
     126      20    -169       2       0                               0D    750
     126     959               1       2       0       0           10500D    751
     126      20    -169       2       0                               0D    752
     102     961               1       2       0      27           10500D    753
     102      20    -169       1       0                               0D    754
     110     962               1       2       0      27           10000D    755
     110      20    -169       2       0                               0D    756
     110     964               1       2       0      27           10000D    757
     110      20    -169       2       0                               0D    758
     100     966               1       2       0     165           10000D    759
     100      20    -169       2       0                               0D    760
     102     968               1       2       0      27           10000D    761
     102      20    -169       1       0                               0D    762
     142     969               1       2       0       0           10500D    763
     142      20    -169       1       0                               0D    764
     144     970               1       2       0      27               0D    765
     144      20    -169       1       0                               0D    766
     128     971               1       2       0      27           10000D    767
     128      20    -169       6       0                               0D    768
     126     977               1       2       0       0           10500D    769
     126      20    -169       2       0                               0D    770
     126     979               1       2       0       0           10500D    771
     126      20    -169       2       0                               0D    772
     126     981               1       2       0       0           10500D    773
     126      20    -169       2       0                               0D    774
     126     983               1       2       0       0           10500D    775
     126      20    -169       5       0                               0D    776
     102     988               1       2       0      27           10500D    777
     102      20    -169       1       0                               0D    778
     110     989               1       2       0      27           10000D    779
     110      20    -169       2       0                               0D    780
     110     991               1       2       0      27           10000D    781
     110      20    -169       2       0                               0D    782
     110     993               1       2       0      27           10000D    783
     110      20    -169       2       0                               0D    784
     104     995               1       2       0     167           10000D    785
     104      20    -169       3       1                               0D    786
     102     998               1       2       0      27           10000D    787
     102      20    -169       1       0                               0D    788
     142     999               1       2       0       0           10500D    789
     142      20    -169       1       0                               0D    790
     144    1000               1       2       0      27               0D    791
     144      20    -169       1       0                               0D    792
     124    1001               1       1       0       0               0D    793
     124      27       0       4       0                               0D    794
     128    1005               1       2       0      27           10000D    795
     128      20    -169       6       0                               0D    796
     126    1011               1       2       0       0           10500D    797
     126      20    -169       2       0                               0D    798
     126    1013               1       2       0       0           10500D    799
     126      20    -169       2       0                               0D    800
     126    1015               1       2       0       0           10500D    801
     126      20    -169       2       0                               0D    802
     126    1017               1       2       0       0           10500D    803
     126      20    -169       5       0                               0D    804
     102    1022               1       2       0      27           10500D    805
     102      20    -169       1       0                               0D    806
     110    1023               1       2       0      27           10000D    807
     110      20    -169       2       0                               0D    808
     110    1025               1       2       0      27           10000D    809
     110      20    -169       2       0                               0D    810
     110    1027               1       2       0      27           10000D    811
     110      20    -169       2       0                               0D    812
     104    1029               1       2       0     793           10000D    813
     104      20    -169       3       1                               0D    814
     102    1032               1       2       0      27           10000D    815
     102      20    -169       1       0                               0D    816
     142    1033               1       2       0       0           10500D    817
     142      20    -169       1       0                               0D    818
     144    1034               1       2       0      27               0D    819
     144      20    -169       1       0                               0D    820
     128    1035               1       2       0      27           10000D    821
     128      20    -169       6       0                               0D    822
     126    1041               1       2       0       0           10500D    823
     126      20    -169       2       0                               0D    824
     126    1043               1       2       0       0           10500D    825
     126      20    -169       2       0                               0D    826
     126    1045               1       2       0       0           10500D    827
     126      20    -169       2       0                               0D    828
     126    1047               1       2       0       0           10500D    829
     126      20    -169       2       0                               0D    830
     126    1049               1       2       0       0           10500D    831
     126      20    -169       5       0                               0D    832
     102    1054               1       2       0      27           10500D    833
     102      20    -169       1       0                               0D    834
     110    1055               1       2       0      27           10000D    835
     110      20    -169       2       0                               0D    836
     110    1057               1       2       0      27           10000D    837
     110      20    -169       2       0                               0D    838
     110    1059               1       2       0      27           10000D    839
     110      20    -169       2       0                               0D    840
     110    1061               1       2       0      27           10000D    841
     110      20    -169       2       0                               0D    842
     104    1063               1       2       0     163           10000D    843
     104      20    -169       3       1                               0D    844
     102    1066               1       2       0      27           10000D    845
     102      20    -169       1       0                               0D    846
     142    1067               1       2       0       0           10500D    847
     142      20    -169       1       0                               0D    848
     144    1068               1       2       0      27               0D    849
     144      20    -169       1       0                               0D    850
     128    1069               1       2       0      27           10000D    851
     128      20    -169       5       0                               0D    852
     126    1074               1       2       0       0           10500D    853
     126      20    -169       3       0                               0D    854
     126    1077               1       2       0       0           10500D    855
     126      20    -169       3       0                               0D    856
     126    1080               1       2       0       0           10500D    857
     126      20    -169       2       0                               0D    858
     126    1082               1       2       0       0           10500D    859
     126      20    -169       3       0                               0D    860
     126    1085               1       2       0       0           10500D    861
     126      20    -169       3       0                               0D    862
     126    1088               1       2       0       0           10500D    863
     126      20    -169       3       0                               0D    864
     126    1091               1       2       0       0           10500D    865
     126      20    -169       2       0                               0D    866
     126    1093               1       2       0       0           10500D    867
     126      20    -169       3       0                               0D    868
     102    1096               1       2       0      27           10500D    869
     102      20    -169       1       0                               0D    870
     110    1097               1       2       0      27           10000D    871
     110      20    -169       2       0                               0D    872
     126    1099               1       2       0      27           10000D    873
     126      20    -169       5       0                               0D    874
     110    1104               1       2       0      27           10000D    875
     110      20    -169       2       0                               0D    876
     126    1106               1       2       0      27           10000D    877
     126      20    -169      10       0                               0D    878
     110    1116               1       2       0      27           10000D    879
     110      20    -169       2       0                               0D    880
     110    1118               1       2       0      27           10000D    881
     110      20    -169       2       0                               0D    882
     110    1120               1       2       0      27           10000D    883
     110      20    -169       2       0                               0D    884
     110    1122               1       2       0      27           10000D    885
     110      20    -169       2       0                               0D    886
     102    1124               1       2       0      27           10000D    887
     102      20    -169       1       0                               0D    888
     142    1125               1       2       0       0           10500D    889
     142      20    -169       1       0                               0D    890
     144    1126               1       2       0      27               0D    891
     144      20    -169       1       0                               0D    892
     128    1127               1       2       0      27           10000D    893
     128      20    -169       6       0                               0D    894
     126    1133               1       2       0       0           10500D    895
     126      20    -169       2       0                               0D    896
     126    1135               1       2       0       0           10500D    897
     126      20    -169       2       0                               0D    898
     126    1137               1       2       0       0           10500D    899
     126      20    -169       2       0                               0D    900
     126    1139               1       2       0       0           10500D    901
     126      20    -169       5       0                               0D    902
     102    1144               1       2       0      27           10500D    903
     102      20    -169       1       0                               0D    904
     110    1145               1       2       0      27           10000D    905
     110      20    -169       2       0                               0D    906
     110    1147               1       2       0      27           10000D    907
     110      20    -169       2       0                               0D    908
     110    1149               1       2       0      27           10000D    909
     110      20    -169       2       0                               0D    910
     104    1151               1       2       0     167           10000D    911
     104      20    -169       3       1                               0D    912
     102    1154               1       2       0      27           10000D    913
     102      20    -169       1       0                               0D    914
     142    1155               1       2       0       0           10500D    915
     142      20    -169       1       0                               0D    916
     144    1156               1       2       0      27               0D    917
     144      20    -169       1       0                               0D    918
     128    1157               1       2       0      27           10000D    919
     128      20    -169       6       0                               0D    920
     126    1163               1       2       0       0           10500D    921
     126      20    -169       2       0                               0D    922
     126    1165               1       2       0       0           10500D    923
     126      20    -169       2       0                               0D    924
     126    1167               1       2       0       0           10500D    925
     126      20    -169       2       0                               0D    926
     126    1169               1       2       0       0           10500D    927
     126      20    -169       2       0                               0D    928
     126    1171               1       2       0       0           10500D    929
     126      20    -169       2       0                               0D    930
     102    1173               1       2       0      27           10500D    931
     102      20    -169       1       0                               0D    932
     110    1174               1       2       0      27           10000D    933
     110      20    -169       2       0                               0D    934
     110    1176               1       2       0      27           10000D    935
     110      20    -169       2       0                               0D    936
     110    1178               1       2       0      27           10000D    937
     110      20    -169       2       0                               0D    938
     110    1180               1       2       0      27           10000D    939
     110      20    -169       2       0                               0D    940
     110    1182               1       2       0      27           10000D    941
     110      20    -169       2       0                               0D    942
     102    1184               1       2       0      27           10000D    943
     102      20    -169       1       0                               0D    944
     142    1185               1       2       0       0           10500D    945
     142      20    -169       1       0                               0D    946
     144    1186               1       2       0      27               0D    947
     144      20    -169       1       0                               0D    948
     128    1187               1       2       0      27           10000D    949
     128      20    -169       5       0                               0D    950
     126    1192               1       2       0       0           10500D    951
     126      20    -169       3       0                               0D    952
     126    1195               1       2       0       0           10500D    953
     126      20    -169       3       0                               0D    954
     126    1198               1       2       0       0           10500D    955
     126      20    -169       3       0                               0D    956
     126    1201               1       2       0       0           10500D    957
     126      20    -169       2       0                               0D    958
     126    1203               1       2       0       0           10500D    959
     126      20    -169       3       0                               0D    960
     126    1206               1       2       0       0           10500D    961
     126      20    -169       3       0                               0D    962
     126    1209               1       2       0       0           10500D    963
     126      20    -169       3       0                               0D    964
     126    1212               1       2       0       0           10500D    965
     126      20    -169       2       0                               0D    966
     102    1214               1       2       0      27           10500D    967
     102      20    -169       1       0                               0D    968
     110    1215               1       2       0      27           10000D    969
     110      20    -169       2       0                               0D    970
     110    1217               1       2       0      27           10000D    971
     110      20    -169       2       0                               0D    972
     126    1219               1       2       0      27           10000D    973
     126      20    -169       5       0                               0D    974
     110    1224               1       2       0      27           10000D    975
     110      20    -169       2       0                               0D    976
     126    1226               1       2       0      27           10000D    977
     126      20    -169       5       0                               0D    978
     110    1231               1       2       0      27           10000D    979
     110      20    -169       2       0                               0D    980
     110    1233               1       2       0      27           10000D    981
     110      20    -169       2       0                               0D    982
     110    1235               1       2       0      27           10000D    983
     110      20    -169       2       0                               0D    984
     102    1237               1       2       0      27           10000D    985
     102      20    -169       1       0                               0D    986
     142    1238               1       2       0       0           10500D    987
     142      20    -169       1       0                               0D    988
     144    1239               1       2       0      27               0D    989
     144      20    -169       1       0                               0D    990
     128    1240               1       2       0      27           10000D    991
     128      20    -169       6       0                               0D    992
     126    1246               1       2       0       0           10500D    993
     126      20    -169       2       0                               0D    994
     126    1248               1       2       0       0           10500D    995
     126      20    -169       2       0                               0D    996
     126    1250               1       2       0       0           10500D    997
     126      20    -169       2       0                               0D    998
     102    1252               1       2       0      27           10500D    999
     102      20    -169       1       0                               0D   1000
     110    1253               1       2       0      27           10000D   1001
     110      20    -169       2       0                               0D   1002
     110    1255               1       2       0      27           10000D   1003
     110      20    -169       2       0                               0D   1004
     100    1257               1       2       0     165           10000D   1005
     100      20    -169       2       0                               0D   1006
     102    1259               1       2       0      27           10000D   1007
     102      20    -169       1       0                               0D   1008
     142    1260               1       2       0       0           10500D   1009
     142      20    -169       1       0                               0D   1010
     144    1261               1       2       0      27               0D   1011
     144      20    -169       1       0                               0D   1012
     128    1262               1       2       0      27           10000D   1013
     128      20    -169       6       0                               0D   1014
     126    1268               1       2       0       0           10500D   1015
     126      20    -169       2       0                               0D   1016
     126    1270               1       2       0       0           10500D   1017
     126      20    -169       2       0                               0D   1018
     126    1272               1       2       0       0           10500D   1019
     126      20    -169       2       0                               0D   1020
     126    1274               1       2       0       0           10500D   1021
     126      20    -169       2       0                               0D   1022
     126    1276               1       2       0       0           10500D   1023
     126      20    -169       2       0                               0D   1024
     126    1278               1       2       0       0           10500D   1025
     126      20    -169       2       0                               0D   1026
     126    1280               1       2       0       0           10500D   1027
     126      20    -169       2       0                               0D   1028
     102    1282               1       2       0      27           10500D   1029
     102      20    -169       1       0                               0D   1030
     110    1283               1       2       0      27           10000D   1031
     110      20    -169       2       0                               0D   1032
     110    1285               1       2       0      27           10000D   1033
     110      20    -169       2       0                               0D   1034
     110    1287               1       2       0      27           10000D   1035
     110      20    -169       2       0                               0D   1036
     110    1289               1       2       0      27           10000D   1037
     110      20    -169       2       0                               0D   1038
     110    1291               1       2       0      27           10000D   1039
     110      20    -169       2       0                               0D   1040
     110    1293               1       2       0      27           10000D   1041
     110      20    -169       2       0                               0D   1042
     126    1295               1       2       0      27           10000D   1043
     126      20    -169       5       0                               0D   1044
     102    1300               1       2       0      27           10000D   1045
     102      20    -169       1       0                               0D   1046
     142    1301               1       2       0       0           10500D   1047
     142      20    -169       1       0                               0D   1048
     144    1302               1       2       0      27               0D   1049
     144      20    -169       1       0                               0D   1050
     128    1303               1       2       0      27           10000D   1051
     128      20    -169       6       0                               0D   1052
     126    1309               1       2       0       0           10500D   1053
     126      20    -169       2       0                               0D   1054
     126    1311               1       2       0       0           10500D   1055
     126      20    -169       2       0                               0D   1056
     126    1313               1       2       0       0           10500D   1057
     126      20    -169       2       0                               0D   1058
     126    1315               1       2       0       0           10500D   1059
     126      20    -169       2       0                               0D   1060
     126    1317               1       2       0       0           10500D   1061
     126      20    -169       5       0                               0D   1062
     102    1322               1       2       0      27           10500D   1063
     102      20    -169       1       0                               0D   1064
     110    1323               1       2       0      27           10000D   1065
     110      20    -169       2       0                               0D   1066
     110    1325               1       2       0      27           10000D   1067
     110      20    -169       2       0                               0D   1068
     110    1327               1       2       0      27           10000D   1069
     110      20    -169       2       0                               0D   1070
     110    1329               1       2       0      27           10000D   1071
     110      20    -169       2       0                               0D   1072
     104    1331               1       2       0     793           10000D   1073
     104      20    -169       3       1                               0D   1074
     102    1334               1       2       0      27           10000D   1075
     102      20    -169       1       0                               0D   1076
     142    1335               1       2       0       0           10500D   1077
     142      20    -169       1       0                               0D   1078
     144    1336               1       2       0      27               0D   1079
     144      20    -169       1       0                               0D   1080
     128    1337               1       2       0      27           10000D   1081
     128      20    -169       6       0                               0D   1082
     126    1343               1       2       0       0           10500D   1083
     126      20    -169       2       0                               0D   1084
     126    1345               1       2       0       0           10500D   1085
     126      20    -169       2       0                               0D   1086
     126    1347               1       2       0       0           10500D   1087
     126      20    -169       2       0                               0D   1088
     126    1349               1       2       0       0           10500D   1089
     126      20    -169       2       0                               0D   1090
     126    1351               1       2       0       0           10500D   1091
     126      20    -169       2       0                               0D   1092
     126    1353               1       2       0       0           10500D   1093
     126      20    -169       2       0                               0D   1094
     126    1355               1       2       0       0           10500D   1095
     126      20    -169       2       0                               0D   1096
     102    1357               1       2       0      27           10500D   1097
     102      20    -169       1       0                               0D   1098
     110    1358               1       2       0      27           10000D   1099
     110      20    -169       2       0                               0D   1100
     110    1360               1       2       0      27           10000D   1101
     110      20    -169       2       0                               0D   1102
     110    1362               1       2       0      27           10000D   1103
     110      20    -169       2       0                               0D   1104
     110    1364               1       2       0      27           10000D   1105
     110      20    -169       2       0                               0D   1106
     110    1366               1       2       0      27           10000D   1107
     110      20    -169       2       0                               0D   1108
     110    1368               1       2       0      27           10000D   1109
     110      20    -169       2       0                               0D   1110
     126    1370               1       2       0      27           10000D   1111
     126      20    -169       5       0                               0D   1112
     102    1375               1       2       0      27           10000D   1113
     102      20    -169       1       0                               0D   1114
     142    1376               1       2       0       0           10500D   1115
     142      20    -169       1       0                               0D   1116
     144    1377               1       2       0      27               0D   1117
     144      20    -169       1       0                               0D   1118
     128    1378               1       2       0      27           10000D   1119
     128      20    -169       6       0                               0D   1120
     126    1384               1       2       0       0           10500D   1121
     126      20    -169       2       0                               0D   1122
     126    1386               1       2       0       0           10500D   1123
     126      20    -169       2       0                               0D   1124
     126    1388               1       2       0       0           10500D   1125
     126      20    -169       2       0                               0D   1126
     126    1390               1       2       0       0           10500D   1127
     126      20    -169       2       0                               0D   1128
     126    1392               1       2       0       0           10500D   1129
     126      20    -169       2       0                               0D   1130
     126    1394               1       2       0       0           10500D   1131
     126      20    -169       2       0                               0D   1132
     126    1396               1       2       0       0           10500D   1133
     126      20    -169       2       0                               0D   1134
     102    1398               1       2       0      27           10500D   1135
     102      20    -169       1       0                               0D   1136
     110    1399               1       2       0      27           10000D   1137
     110      20    -169       2       0                               0D   1138
     110    1401               1       2       0      27           10000D   1139
     110      20    -169       2       0                               0D   1140
     110    1403               1       2       0      27           10000D   1141
     110      20    -169       2       0                               0D   1142
     110    1405               1       2       0      27           10000D   1143
     110      20    -169       2       0                               0D   1144
     110    1407               1       2       0      27           10000D   1145
     110      20    -169       2       0                               0D   1146
     110    1409               1       2       0      27           10000D   1147
     110      20    -169       2       0                               0D   1148
     126    1411               1       2       0      27           10000D   1149
     126      20    -169       5       0                               0D   1150
     102    1416               1       2       0      27           10000D   1151
     102      20    -169       1       0                               0D   1152
     142    1417               1       2       0       0           10500D   1153
     142      20    -169       1       0                               0D   1154
     144    1418               1       2       0      27               0D   1155
     144      20    -169       1       0                               0D   1156
     128    1419               1       2       0      27           10000D   1157
     128      20    -169       6       0                               0D   1158
     126    1425               1       2       0       0           10500D   1159
     126      20    -169       8       0                               0D   1160
     126    1433               1       2       0       0           10500D   1161
     126      20    -169       2       0                               0D   1162
     126    1435               1       2       0       0           10500D   1163
     126      20    -169       8       0                               0D   1164
     126    1443               1       2       0       0           10500D   1165
     126      20    -169       2       0                               0D   1166
     102    1445               1       2       0      27           10500D   1167
     102      20    -169       1       0                               0D   1168
     100    1446               1       2       0     165           10000D   1169
     100      20    -169       2       0                               0D   1170
     110    1448               1       2       0      27           10000D   1171
     110      20    -169       2       0                               0D   1172
     100    1450               1       2       0     161           10000D   1173
     100      20    -169       2       0                               0D   1174
     110    1452               1       2       0      27           10000D   1175
     110      20    -169       2       0                               0D   1176
     102    1454               1       2       0      27           10000D   1177
     102      20    -169       1       0                               0D   1178
     142    1455               1       2       0       0           10500D   1179
     142      20    -169       1       0                               0D   1180
     144    1456               1       2       0      27               0D   1181
     144      20    -169       1       0                               0D   1182
     128    1457               1       2       0      27           10000D   1183
     128      20    -169      10       0                               0D   1184
     126    1467               1       2       0       0           10500D   1185
     126      20    -169       2       0                               0D   1186
     126    1469               1       2       0       0           10500D   1187
     126      20    -169       2       0                               0D   1188
     126    1471               1       2       0       0           10500D   1189
     126      20    -169       2       0                               0D   1190
     126    1473               1       2       0       0           10500D   1191
     126      20    -169       2       0                               0D   1192
     126    1475               1       2       0       0           10500D   1193
     126      20    -169       2       0                               0D   1194
     102    1477               1       2       0      27           10500D   1195
     102      20    -169       1       0                               0D   1196
     100    1478               1       2       0     165           10000D   1197
     100      20    -169       2       0                               0D   1198
     126    1480               1       2       0      27           10000D   1199
     126      20    -169      10       0                               0D   1200
     100    1490               1       2       0     161           10000D   1201
     100      20    -169       2       0                               0D   1202
     126    1492               1       2       0      27           10000D   1203
     126      20    -169       5       0                               0D   1204
     102    1497               1       2       0      27           10000D   1205
     102      20    -169       1       0                               0D   1206
     142    1498               1       2       0       0           10500D   1207
     142      20    -169       1       0                               0D   1208
     144    1499               1       2       0      27               0D   1209
     144      20    -169       1       0                               0D   1210
     128    1500               1       2       0      27           10000D   1211
     128      20    -169      15       0                               0D   1212
     126    1515               1       2       0       0           10500D   1213
     126      20    -169       2       0                               0D   1214
     126    1517               1       2       0       0           10500D   1215
     126      20    -169       2       0                               0D   1216
     126    1519               1       2       0       0           10500D   1217
     126      20    -169       2       0                               0D   1218
     126    1521               1       2       0       0           10500D   1219
     126      20    -169       2       0                               0D   1220
     126    1523               1       2       0       0           10500D   1221
     126      20    -169       2       0                               0D   1222
     126    1525               1       2       0       0           10500D   1223
     126      20    -169       2       0                               0D   1224
     126    1527               1       2       0       0           10500D   1225
     126      20    -169       2       0                               0D   1226
     126    1529               1       2       0       0           10500D   1227
     126      20    -169       2       0                               0D   1228
     126    1531               1       2       0       0           10500D   1229
     126      20    -169       2       0                               0D   1230
     126    1533               1       2       0       0           10500D   1231
     126      20    -169       2       0                               0D   1232
     126    1535               1       2       0       0           10500D   1233
     126      20    -169       2       0                               0D   1234
     126    1537               1       2       0       0           10500D   1235
     126      20    -169       2       0                               0D   1236
     126    1539               1       2       0       0           10500D   1237
     126      20    -169       2       0                               0D   1238
     126    1541               1       2       0       0           10500D   1239
     126      20    -169       2       0                               0D   1240
     126    1543               1       2       0       0           10500D   1241
     126      20    -169       2       0                               0D   1242
     126    1545               1       2       0       0           10500D   1243
     126      20    -169       2       0                               0D   1244
     102    1547               1       2       0      27           10500D   1245
     102      20    -169       2       0                               0D   1246
     100    1549               1       2       0     161           10000D   1247
     100      20    -169       2       0                               0D   1248
     110    1551               1       2       0      27           10000D   1249
     110      20    -169       2       0                               0D   1250
     100    1553               1       2       0     165           10000D   1251
     100      20    -169       2       0                               0D   1252
     100    1555               1       2       0     165           10000D   1253
     100      20    -169       2       0                               0D   1254
     100    1557               1       2       0     165           10000D   1255
     100      20    -169       2       0                               0D   1256
     100    1559               1       2       0     165           10000D   1257
     100      20    -169       2       0                               0D   1258
     100    1561               1       2       0     165           10000D   1259
     100      20    -169       2       0                               0D   1260
     100    1563               1       2       0     165           10000D   1261
     100      20    -169       2       0                               0D   1262
     100    1565               1       2       0     165           10000D   1263
     100      20    -169       2       0                               0D   1264
     100    1567               1       2       0     165           10000D   1265
     100      20    -169       2       0                               0D   1266
     100    1569               1       2       0     165           10000D   1267
     100      20    -169       2       0                               0D   1268
     100    1571               1       2       0     165           10000D   1269
     100      20    -169       2       0                               0D   1270
     100    1573               1       2       0     165           10000D   1271
     100      20    -169       2       0                               0D   1272
     100    1575               1       2       0     165           10000D   1273
     100      20    -169       2       0                               0D   1274
     110    1577               1       2       0      27           10000D   1275
     110      20    -169       2       0                               0D   1276
     100    1579               1       2       0     161           10000D   1277
     100      20    -169       2       0                               0D   1278
     102    1581               1       2       0      27           10000D   1279
     102      20    -169       2       0                               0D   1280
     142    1583               1       2       0       0           10500D   1281
     142      20    -169       1       0                               0D   1282
     144    1584               1       2       0      27               0D   1283
     144      20    -169       1       0                               0D   1284
     128    1585               1       2       0      27           10000D   1285
     128      20    -169       5       0                               0D   1286
     126    1590               1       2       0       0           10500D   1287
     126      20    -169       2       0                               0D   1288
     126    1592               1       2       0       0           10500D   1289
     126      20    -169       2       0                               0D   1290
     126    1594               1       2       0       0           10500D   1291
     126      20    -169       2       0                               0D   1292
     102    1596               1       2       0      27           10500D   1293
     102      20    -169       1       0                               0D   1294
     110    1597               1       2       0      27           10000D   1295
     110      20    -169       2       0                               0D   1296
     110    1599               1       2       0      27           10000D   1297
     110      20    -169       2       0                               0D   1298
     100    1601               1       2       0     165           10000D   1299
     100      20    -169       2       0                               0D   1300
     102    1603               1       2       0      27           10000D   1301
     102      20    -169       1       0                               0D   1302
     142    1604               1       2       0       0           10500D   1303
     142      20    -169       1       0                               0D   1304
     144    1605               1       2       0      27               0D   1305
     144      20    -169       1       0                               0D   1306
     128    1606               1       2       0      27           10000D   1307
     128      20    -169       6       0                               0D   1308
     126    1612               1       2       0       0           10500D   1309
     126      20    -169       2       0                               0D   1310
     126    1614               1       2       0       0           10500D   1311
     126      20    -169       2       0                               0D   1312
     126    1616               1       2       0       0           10500D   1313
     126      20    -169       2       0                               0D   1314
     102    1618               1       2       0      27           10500D   1315
     102      20    -169       1       0                               0D   1316
     110    1619               1       2       0      27           10000D   1317
     110      20    -169       2       0                               0D   1318
     110    1621               1       2       0      27           10000D   1319
     110      20    -169       2       0                               0D   1320
     100    1623               1       2       0     165           10000D   1321
     100      20    -169       2       0                               0D   1322
     102    1625               1       2       0      27           10000D   1323
     102      20    -169       1       0                               0D   1324
     142    1626               1       2       0       0           10500D   1325
     142      20    -169       1       0                               0D   1326
     144    1627               1       2       0      27               0D   1327
     144      20    -169       1       0                               0D   1328
     128    1628               1       2       0      27           10000D   1329
     128      20    -169       6       0                               0D   1330
     126    1634               1       2       0       0           10500D   1331
     126      20    -169       2       0                               0D   1332
     126    1636               1       2       0       0           10500D   1333
     126      20    -169       2       0                               0D   1334
     126    1638               1       2       0       0           10500D   1335
     126      20    -169       2       0                               0D   1336
     102    1640               1       2       0      27           10500D   1337
     102      20    -169       1       0                               0D   1338
     110    1641               1       2       0      27           10000D   1339
     110      20    -169       2       0                               0D   1340
     110    1643               1       2       0      27           10000D   1341
     110      20    -169       2       0                               0D   1342
     100    1645               1       2       0     165           10000D   1343
     100      20    -169       2       0                               0D   1344
     102    1647               1       2       0      27           10000D   1345
     102      20    -169       1       0                               0D   1346
     142    1648               1       2       0       0           10500D   1347
     142      20    -169       1       0                               0D   1348
     144    1649               1       2       0      27               0D   1349
     144      20    -169       1       0                               0D   1350
     128    1650               1       2       0      27           10000D   1351
     128      20    -169       6       0                               0D   1352
     126    1656               1       2       0       0           10500D   1353
     126      20    -169       8       0                               0D   1354
     126    1664               1       2       0       0           10500D   1355
     126      20    -169       3       0                               0D   1356
     126    1667               1       2       0       0           10500D   1357
     126      20    -169       3       0                               0D   1358
     126    1670               1       2       0       0           10500D   1359
     126      20    -169       3       0                               0D   1360
     126    1673               1       2       0       0           10500D   1361
     126      20    -169       3       0                               0D   1362
     126    1676               1       2       0       0           10500D   1363
     126      20    -169       8       0                               0D   1364
     126    1684               1       2       0       0           10500D   1365
     126      20    -169       2       0                               0D   1366
     102    1686               1       2       0      27           10500D   1367
     102      20    -169       1       0                               0D   1368
     100    1687               1       2       0     161           10000D   1369
     100      20    -169       2       0                               0D   1370
     110    1689               1       2       0      27           10000D   1371
     110      20    -169       2       0                               0D   1372
     110    1691               1       2       0      27           10000D   1373
     110      20    -169       2       0                               0D   1374
     100    1693               1       2       0     165           10000D   1375
     100      20    -169       2       0                               0D   1376
     110    1695               1       2       0      27           10000D   1377
     110      20    -169       2       0                               0D   1378
     100    1697               1       2       0     165           10000D   1379
     100      20    -169       2       0                               0D   1380
     110    1699               1       2       0      27           10000D   1381
     110      20    -169       2       0                               0D   1382
     102    1701               1       2       0      27           10000D   1383
     102      20    -169       1       0                               0D   1384
     142    1702               1       2       0       0           10500D   1385
     142      20    -169       1       0                               0D   1386
     144    1703               1       2       0      27               0D   1387
     144      20    -169       1       0                               0D   1388
     128    1704               1       2       0      27           10000D   1389
     128      20    -169       6       0                               0D   1390
     126    1710               1       2       0       0           10500D   1391
     126      20    -169       3       0                               0D   1392
     126    1713               1       2       0       0           10500D   1393
     126      20    -169       2       0                               0D   1394
     126    1715               1       2       0       0           10500D   1395
     126      20    -169       2       0                               0D   1396
     126    1717               1       2       0       0           10500D   1397
     126      20    -169       2       0                               0D   1398
     102    1719               1       2       0      27           10500D   1399
     102      20    -169       1       0                               0D   1400
     110    1720               1       2       0      27           10000D   1401
     110      20    -169       2       0                               0D   1402
     110    1722               1       2       0      27           10000D   1403
     110      20    -169       2       0                               0D   1404
     110    1724               1       2       0      27           10000D   1405
     110      20    -169       2       0                               0D   1406
     102    1726               1       2       0      27           10000D   1407
     102      20    -169       1       0                               0D   1408
     142    1727               1       2       0       0           10500D   1409
     142      20    -169       1       0                               0D   1410
     144    1728               1       2       0      27               0D   1411
     144      20    -169       1       0                               0D   1412
     128    1729               1       2       0      27           10000D   1413
     128      20    -169       6       0                               0D   1414
     126    1735               1       2       0       0           10500D   1415
     126      20    -169       2       0                               0D   1416
     126    1737               1       2       0       0           10500D   1417
     126      20    -169       2       0                               0D   1418
     126    1739               1       2       0       0           10500D   1419
     126      20    -169       2       0                               0D   1420
     102    1741               1       2       0      27           10500D   1421
     102      20    -169       1       0                               0D   1422
     110    1742               1       2       0      27           10000D   1423
     110      20    -169       2       0                               0D   1424
     110    1744               1       2       0      27           10000D   1425
     110      20    -169       2       0                               0D   1426
     100    1746               1       2       0     165           10000D   1427
     100      20    -169       2       0                               0D   1428
     102    1748               1       2       0      27           10000D   1429
     102      20    -169       1       0                               0D   1430
     142    1749               1       2       0       0           10500D   1431
     142      20    -169       1       0                               0D   1432
     144    1750               1       2       0      27               0D   1433
     144      20    -169       1       0                               0D   1434
     128    1751               1       2       0      27           10000D   1435
     128      20    -169       5       0                               0D   1436
     126    1756               1       2       0       0           10500D   1437
     126      20    -169       2       0                               0D   1438
     126    1758               1       2       0       0           10500D   1439
     126      20    -169       2       0                               0D   1440
     126    1760               1       2       0       0           10500D   1441
     126      20    -169       2       0                               0D   1442
     102    1762               1       2       0      27           10500D   1443
     102      20    -169       1       0                               0D   1444
     110    1763               1       2       0      27           10000D   1445
     110      20    -169       2       0                               0D   1446
     110    1765               1       2       0      27           10000D   1447
     110      20    -169       2       0                               0D   1448
     100    1767               1       2       0     165           10000D   1449
     100      20    -169       2       0                               0D   1450
     102    1769               1       2       0      27           10000D   1451
     102      20    -169       1       0                               0D   1452
     142    1770               1       2       0       0           10500D   1453
     142      20    -169       1       0                               0D   1454
     144    1771               1       2       0      27               0D   1455
     144      20    -169       1       0                               0D   1456
     128    1772               1       2       0      27           10000D   1457
     128      20    -169       6       0                               0D   1458
     126    1778               1       2       0       0           10500D   1459
     126      20    -169       2       0                               0D   1460
     126    1780               1       2       0       0           10500D   1461
     126      20    -169       2       0                               0D   1462
     126    1782               1       2       0       0           10500D   1463
     126      20    -169       2       0                               0D   1464
     102    1784               1       2       0      27           10500D   1465
     102      20    -169       1       0                               0D   1466
     110    1785               1       2       0      27           10000D   1467
     110      20    -169       2       0                               0D   1468
     110    1787               1       2       0      27           10000D   1469
     110      20    -169       2       0                               0D   1470
     100    1789               1       2       0     165           10000D   1471
     100      20    -169       2       0                               0D   1472
     102    1791               1       2       0      27           10000D   1473
     102      20    -169       1       0                               0D   1474
     142    1792               1       2       0       0           10500D   1475
     142      20    -169       1       0                               0D   1476
     144    1793               1       2       0      27               0D   1477
     144      20    -169       1       0                               0D   1478
     128    1794               1       2       0      27           10000D   1479
     128      20    -169       5       0                               0D   1480
     126    1799               1       2       0       0           10500D   1481
     126      20    -169       2       0                               0D   1482
     126    1801               1       2       0       0           10500D   1483
     126      20    -169       8       0                               0D   1484
     126    1809               1       2       0       0           10500D   1485
     126      20    -169       3       0                               0D   1486
     126    1812               1       2       0       0           10500D   1487
     126      20    -169       3       0                               0D   1488
     126    1815               1       2       0       0           10500D   1489
     126      20    -169       3       0                               0D   1490
     126    1818               1       2       0       0           10500D   1491
     126      20    -169       3       0                               0D   1492
     126    1821               1       2       0       0           10500D   1493
     126      20    -169       8       0                               0D   1494
     102    1829               1       2       0      27           10500D   1495
     102      20    -169       1       0                               0D   1496
     110    1830               1       2       0      27           10000D   1497
     110      20    -169       2       0                               0D   1498
     100    1832               1       2       0     165           10000D   1499
     100      20    -169       2       0                               0D   1500
     110    1834               1       2       0      27           10000D   1501
     110      20    -169       2       0                               0D   1502
     100    1836               1       2       0     165           10000D   1503
     100      20    -169       2       0                               0D   1504
     110    1838               1       2       0      27           10000D   1505
     110      20    -169       2       0                               0D   1506
     110    1840               1       2       0      27           10000D   1507
     110      20    -169       2       0                               0D   1508
     100    1842               1       2       0     161           10000D   1509
     100      20    -169       2       0                               0D   1510
     102    1844               1       2       0      27           10000D   1511
     102      20    -169       1       0                               0D   1512
     142    1845               1       2       0       0           10500D   1513
     142      20    -169       1       0                               0D   1514
     144    1846               1       2       0      27               0D   1515
     144      20    -169       1       0                               0D   1516
     128    1847               1       2       0      27           10000D   1517
     128      20    -169       6       0                               0D   1518
     126    1853               1       2       0       0           10500D   1519
     126      20    -169       8       0                               0D   1520
     126    1861               1       2       0       0           10500D   1521
     126      20    -169       2       0                               0D   1522
     126    1863               1       2       0       0           10500D   1523
     126      20    -169       8       0                               0D   1524
     126    1871               1       2       0       0           10500D   1525
     126      20    -169       2       0                               0D   1526
     102    1873               1       2       0      27           10500D   1527
     102      20    -169       1       0                               0D   1528
     100    1874               1       2       0     165           10000D   1529
     100      20    -169       2       0                               0D   1530
     110    1876               1       2       0      27           10000D   1531
     110      20    -169       2       0                               0D   1532
     100    1878               1       2       0     161           10000D   1533
     100      20    -169       2       0                               0D   1534
     110    1880               1       2       0      27           10000D   1535
     110      20    -169       2       0                               0D   1536
     102    1882               1       2       0      27           10000D   1537
     102      20    -169       1       0                               0D   1538
     142    1883               1       2       0       0           10500D   1539
     142      20    -169       1       0                               0D   1540
     144    1884               1       2       0      27               0D   1541
     144      20    -169       1       0                               0D   1542
     128    1885               1       2       0      27           10000D   1543
     128      20    -169      10       0                               0D   1544
     126    1895               1       2       0       0           10500D   1545
     126      20    -169       3       0                               0D   1546
     126    1898               1       2       0       0           10500D   1547
     126      20    -169       4       0                               0D   1548
     126    1902               1       2       0       0           10500D   1549
     126      20    -169       2       0                               0D   1550
     126    1904               1       2       0       0           10500D   1551
     126      20    -169       3       0                               0D   1552
     126    1907               1       2       0       0           10500D   1553
     126      20    -169       3       0                               0D   1554
     126    1910               1       2       0       0           10500D   1555
     126      20    -169       5       0                               0D   1556
     126    1915               1       2       0       0           10500D   1557
     126      20    -169       2       0                               0D   1558
     126    1917               1       2       0       0           10500D   1559
     126      20    -169       5       0                               0D   1560
     102    1922               1       2       0      27           10500D   1561
     102      20    -169       1       0                               0D   1562
     100    1923               1       2       0     161           10000D   1563
     100      20    -169       2       0                               0D   1564
     126    1925               1       2       0      27           10000D   1565
     126      20    -169       5       0                               0D   1566
     100    1930               1       2       0     161           10000D   1567
     100      20    -169       2       0                               0D   1568
     126    1932               1       2       0      27           10000D   1569
     126      20    -169       5       0                               0D   1570
     100    1937               1       2       0     161           10000D   1571
     100      20    -169       2       0                               0D   1572
     104    1939               1       2       0     793           10000D   1573
     104      20    -169       3       1                               0D   1574
     100    1942               1       2       0     165           10000D   1575
     100      20    -169       2       0                               0D   1576
     104    1944               1       2       0     475           10000D   1577
     104      20    -169       3       1                               0D   1578
     102    1947               1       2       0      27           10000D   1579
     102      20    -169       1       0                               0D   1580
     142    1948               1       2       0       0           10500D   1581
     142      20    -169       1       0                               0D   1582
     144    1949               1       2       0      27               0D   1583
     144      20    -169       1       0                               0D   1584
     128    1950               1       2       0      27           10000D   1585
     128      20    -169      10       0                               0D   1586
     126    1960               1       2       0       0           10500D   1587
     126      20    -169       2       0                               0D   1588
     126    1962               1       2       0       0           10500D   1589
     126      20    -169       2       0                               0D   1590
     126    1964               1       2       0       0           10500D   1591
     126      20    -169       2       0                               0D   1592
     126    1966               1       2       0       0           10500D   1593
     126      20    -169       2       0                               0D   1594
     102    1968               1       2       0      27           10500D   1595
     102      20    -169       1       0                               0D   1596
     126    1969               1       2       0      27           10000D   1597
     126      20    -169      10       0                               0D   1598
     100    1979               1       2       0     161           10000D   1599
     100      20    -169       2       0                               0D   1600
     126    1981               1       2       0      27           10000D   1601
     126      20    -169       5       0                               0D   1602
     100    1986               1       2       0     165           10000D   1603
     100      20    -169       2       0                               0D   1604
     102    1988               1       2       0      27           10000D   1605
     102      20    -169       1       0                               0D   1606
     142    1989               1       2       0       0           10500D   1607
     142      20    -169       1       0                               0D   1608
     144    1990               1       2       0      27               0D   1609
     144      20    -169       1       0                               0D   1610
     128    1991               1       2       0      27           10000D   1611
     128      20    -169      10       0                               0D   1612
     126    2001               1       2       0       0           10500D   1613
     126      20    -169       3       0                               0D   1614
     126    2004               1       2       0       0           10500D   1615
     126      20    -169       4       0                               0D   1616
     126    2008               1       2       0       0           10500D   1617
     126      20    -169       2       0                               0D   1618
     126    2010               1       2       0       0           10500D   1619
     126      20    -169       3       0                               0D   1620
     126    2013               1       2       0       0           10500D   1621
     126      20    -169       3       0                               0D   1622
     126    2016               1       2       0       0           10500D   1623
     126      20    -169       5       0                               0D   1624
     126    2021               1       2       0       0           10500D   1625
     126      20    -169       2       0                               0D   1626
     126    2023               1       2       0       0           10500D   1627
     126      20    -169       5       0                               0D   1628
     102    2028               1       2       0      27           10500D   1629
     102      20    -169       1       0                               0D   1630
     100    2029               1       2       0     161           10000D   1631
     100      20    -169       2       0                               0D   1632
     126    2031               1       2       0      27           10000D   1633
     126      20    -169       5       0                               0D   1634
     100    2036               1       2       0     161           10000D   1635
     100      20    -169       2       0                               0D   1636
     126    2038               1       2       0      27           10000D   1637
     126      20    -169       5       0                               0D   1638
     100    2043               1       2       0     161           10000D   1639
     100      20    -169       2       0                               0D   1640
     104    2045               1       2       0     475           10000D   1641
     104      20    -169       3       1                               0D   1642
     100    2048               1       2       0     165           10000D   1643
     100      20    -169       2       0                               0D   1644
     104    2050               1       2       0     163           10000D   1645
     104      20    -169       3       1                               0D   1646
     102    2053               1       2       0      27           10000D   1647
     102      20    -169       1       0                               0D   1648
     142    2054               1       2       0       0           10500D   1649
     142      20    -169       1       0                               0D   1650
     144    2055               1       2       0      27               0D   1651
     144      20    -169       1       0                               0D   1652
     128    2056               1       2       0      27           10000D   1653
     128      20    -169      10       0                               0D   1654
     126    2066               1       2       0       0           10500D   1655
     126      20    -169       2       0                               0D   1656
     126    2068               1       2       0       0           10500D   1657
     126      20    -169       2       0                               0D   1658
     126    2070               1       2       0       0           10500D   1659
     126      20    -169       2       0                               0D   1660
     126    2072               1       2       0       0           10500D   1661
     126      20    -169       2       0                               0D   1662
     102    2074               1       2       0      27           10500D   1663
     102      20    -169       1       0                               0D   1664
     126    2075               1       2       0      27           10000D   1665
     126      20    -169       9       0                               0D   1666
     100    2084               1       2       0     161           10000D   1667
     100      20    -169       2       0                               0D   1668
     126    2086               1       2       0      27           10000D   1669
     126      20    -169       5       0                               0D   1670
     100    2091               1       2       0     165           10000D   1671
     100      20    -169       2       0                               0D   1672
     102    2093               1       2       0      27           10000D   1673
     102      20    -169       1       0                               0D   1674
     142    2094               1       2       0       0           10500D   1675
     142      20    -169       1       0                               0D   1676
     144    2095               1       2       0      27               0D   1677
     144      20    -169       1       0                               0D   1678
     128    2096               1       2       0      27           10000D   1679
     128      20    -169      10       0                               0D   1680
     126    2106               1       2       0       0           10500D   1681
     126      20    -169       2       0                               0D   1682
     126    2108               1       2       0       0           10500D   1683
     126      20    -169       2       0                               0D   1684
     126    2110               1       2       0       0           10500D   1685
     126      20    -169       2       0                               0D   1686
     126    2112               1       2       0       0           10500D   1687
     126      20    -169       2       0                               0D   1688
     126    2114               1       2       0       0           10500D   1689
     126      20    -169       2       0                               0D   1690
     102    2116               1       2       0      27           10500D   1691
     102      20    -169       1       0                               0D   1692
     126    2117               1       2       0      27           10000D   1693
     126      20    -169      10       0                               0D   1694
     100    2127               1       2       0     161           10000D   1695
     100      20    -169       2       0                               0D   1696
     126    2129               1       2       0      27           10000D   1697
     126      20    -169       5       0                               0D   1698
     100    2134               1       2       0     165           10000D   1699
     100      20    -169       2       0                               0D   1700
     102    2136               1       2       0      27           10000D   1701
     102      20    -169       1       0                               0D   1702
     142    2137               1       2       0       0           10500D   1703
     142      20    -169       1       0                               0D   1704
     144    2138               1       2       0      27               0D   1705
     144      20    -169       1       0                               0D   1706
     128    2139               1       2       0      27           10000D   1707
     128      20    -169      10       0                               0D   1708
     126    2149               1       2       0       0           10500D   1709
     126      20    -169       3       0                               0D   1710
     126    2152               1       2       0       0           10500D   1711
     126      20    -169       4       0                               0D   1712
     126    2156               1       2       0       0           10500D   1713
     126      20    -169       2       0                               0D   1714
     126    2158               1       2       0       0           10500D   1715
     126      20    -169       3       0                               0D   1716
     126    2161               1       2       0       0           10500D   1717
     126      20    -169       3       0                               0D   1718
     126    2164               1       2       0       0           10500D   1719
     126      20    -169       5       0                               0D   1720
     126    2169               1       2       0       0           10500D   1721
     126      20    -169       2       0                               0D   1722
     126    2171               1       2       0       0           10500D   1723
     126      20    -169       5       0                               0D   1724
     102    2176               1       2       0      27           10500D   1725
     102      20    -169       1       0                               0D   1726
     100    2177               1       2       0     161           10000D   1727
     100      20    -169       2       0                               0D   1728
     126    2179               1       2       0      27           10000D   1729
     126      20    -169       5       0                               0D   1730
     100    2184               1       2       0     161           10000D   1731
     100      20    -169       2       0                               0D   1732
     126    2186               1       2       0      27           10000D   1733
     126      20    -169       5       0                               0D   1734
     100    2191               1       2       0     161           10000D   1735
     100      20    -169       2       0                               0D   1736
     104    2193               1       2       0     167           10000D   1737
     104      20    -169       3       1                               0D   1738
     100    2196               1       2       0     165           10000D   1739
     100      20    -169       2       0                               0D   1740
     104    2198               1       2       0     793           10000D   1741
     104      20    -169       3       1                               0D   1742
     102    2201               1       2       0      27           10000D   1743
     102      20    -169       1       0                               0D   1744
     142    2202               1       2       0       0           10500D   1745
     142      20    -169       1       0                               0D   1746
     144    2203               1       2       0      27               0D   1747
     144      20    -169       1       0                               0D   1748
     128    2204               1       2       0      27           10000D   1749
     128      20    -169       6       0                               0D   1750
     126    2210               1       2       0       0           10500D   1751
     126      20    -169       2       0                               0D   1752
     126    2212               1       2       0       0           10500D   1753
     126      20    -169       2       0                               0D   1754
     126    2214               1       2       0       0           10500D   1755
     126      20    -169       2       0                               0D   1756
     102    2216               1       2       0      27           10500D   1757
     102      20    -169       1       0                               0D   1758
     110    2217               1       2       0      27           10000D   1759
     110      20    -169       2       0                               0D   1760
     110    2219               1       2       0      27           10000D   1761
     110      20    -169       2       0                               0D   1762
     100    2221               1       2       0     161           10000D   1763
     100      20    -169       2       0                               0D   1764
     102    2223               1       2       0      27           10000D   1765
     102      20    -169       1       0                               0D   1766
     142    2224               1       2       0       0           10500D   1767
     142      20    -169       1       0                               0D   1768
     144    2225               1       2       0      27               0D   1769
     144      20    -169       1       0                               0D   1770
     128    2226               1       2       0      27           10000D   1771
     128      20    -169       5       0                               0D   1772
     126    2231               1       2       0       0           10500D   1773
     126      20    -169       2       0                               0D   1774
     126    2233               1       2       0       0           10500D   1775
     126      20    -169       2       0                               0D   1776
     126    2235               1       2       0       0           10500D   1777
     126      20    -169       2       0                               0D   1778
     126    2237               1       2       0       0           10500D   1779
     126      20    -169       2       0                               0D   1780
     102    2239               1       2       0      27           10500D   1781
     102      20    -169       1       0                               0D   1782
     110    2240               1       2       0      27           10000D   1783
     110      20    -169       2       0                               0D   1784
     126    2242               1       2       0      27           10000D   1785
     126      20    -169      10       0                               0D   1786
     110    2252               1       2       0      27           10000D   1787
     110      20    -169       2       0                               0D   1788
     126    2254               1       2       0      27           10000D   1789
     126      20    -169       5       0                               0D   1790
     102    2259               1       2       0      27           10000D   1791
     102      20    -169       1       0                               0D   1792
     142    2260               1       2       0       0           10500D   1793
     142      20    -169       1       0                               0D   1794
     144    2261               1       2       0      27               0D   1795
     144      20    -169       1       0                               0D   1796
     128    2262               1       2       0      27           10000D   1797
     128      20    -169       6       0                               0D   1798
     126    2268               1       2       0       0           10500D   1799
     126      20    -169       2       0                               0D   1800
     126    2270               1       2       0       0           10500D   1801
     126      20    -169       2       0                               0D   1802
     126    2272               1       2       0       0           10500D   1803
     126      20    -169       2       0                               0D   1804
     102    2274               1       2       0      27           10500D   1805
     102      20    -169       1       0                               0D   1806
     100    2275               1       2       0     161           10000D   1807
     100      20    -169       2       0                               0D   1808
     110    2277               1       2       0      27           10000D   1809
     110      20    -169       2       0                               0D   1810
     110    2279               1       2       0      27           10000D   1811
     110      20    -169       2       0                               0D   1812
     102    2281               1       2       0      27           10000D   1813
     102      20    -169       1       0                               0D   1814
     142    2282               1       2       0       0           10500D   1815
     142      20    -169       1       0                               0D   1816
     144    2283               1       2       0      27               0D   1817
     144      20    -169       1       0                               0D   1818
     128    2284               1       2       0      27           10000D   1819
     128      20    -169       5       0                               0D   1820
     126    2289               1       2       0       0           10500D   1821
     126      20    -169       2       0                               0D   1822
     126    2291               1       2       0       0           10500D   1823
     126      20    -169       2       0                               0D   1824
     126    2293               1       2       0       0           10500D   1825
     126      20    -169       2       0                               0D   1826
     126    2295               1       2       0       0           10500D   1827
     126      20    -169       2       0                               0D   1828
     102    2297               1       2       0      27           10500D   1829
     102      20    -169       1       0                               0D   1830
     110    2298               1       2       0      27           10000D   1831
     110      20    -169       2       0                               0D   1832
     126    2300               1       2       0      27           10000D   1833
     126      20    -169       5       0                               0D   1834
     110    2305               1       2       0      27           10000D   1835
     110      20    -169       2       0                               0D   1836
     126    2307               1       2       0      27           10000D   1837
     126      20    -169       5       0                               0D   1838
     102    2312               1       2       0      27           10000D   1839
     102      20    -169       1       0                               0D   1840
     142    2313               1       2       0       0           10500D   1841
     142      20    -169       1       0                               0D   1842
     144    2314               1       2       0      27               0D   1843
     144      20    -169       1       0                               0D   1844
     128    2315               1       2       0      27           10000D   1845
     128      20    -169       5       0                               0D   1846
     126    2320               1       2       0       0           10500D   1847
     126      20    -169       2       0                               0D   1848
     126    2322               1       2       0       0           10500D   1849
     126      20    -169       2       0                               0D   1850
     126    2324               1       2       0       0           10500D   1851
     126      20    -169       2       0                               0D   1852
     126    2326               1       2       0       0           10500D   1853
     126      20    -169       2       0                               0D   1854
     126    2328               1       2       0       0           10500D   1855
     126      20    -169       2       0                               0D   1856
     102    2330               1       2       0      27           10500D   1857
     102      20    -169       1       0                               0D   1858
     110    2331               1       2       0      27           10000D   1859
     110      20    -169       2       0                               0D   1860
     110    2333               1       2       0      27           10000D   1861
     110      20    -169       2       0                               0D   1862
     126    2335               1       2       0      27           10000D   1863
     126      20    -169       5       0                               0D   1864
     110    2340               1       2       0      27           10000D   1865
     110      20    -169       2       0                               0D   1866
     126    2342               1       2       0      27           10000D   1867
     126      20    -169       5       0                               0D   1868
     102    2347               1       2       0      27           10000D   1869
     102      20    -169       1       0                               0D   1870
     142    2348               1       2       0       0           10500D   1871
     142      20    -169       1       0                               0D   1872
     144    2349               1       2       0      27               0D   1873
     144      20    -169       1       0                               0D   1874
     128    2350               1       2       0      27           10000D   1875
     128      20    -169       6       0                               0D   1876
     126    2356               1       2       0       0           10500D   1877
     126      20    -169       2       0                               0D   1878
     126    2358               1       2       0       0           10500D   1879
     126      20    -169       2       0                               0D   1880
     126    2360               1       2       0       0           10500D   1881
     126      20    -169       2       0                               0D   1882
     102    2362               1       2       0      27           10500D   1883
     102      20    -169       1       0                               0D   1884
     110    2363               1       2       0      27           10000D   1885
     110      20    -169       2       0                               0D   1886
     110    2365               1       2       0      27           10000D   1887
     110      20    -169       2       0                               0D   1888
     100    2367               1       2       0     161           10000D   1889
     100      20    -169       2       0                               0D   1890
     102    2369               1       2       0      27           10000D   1891
     102      20    -169       1       0                               0D   1892
     142    2370               1       2       0       0           10500D   1893
     142      20    -169       1       0                               0D   1894
     144    2371               1       2       0      27               0D   1895
     144      20    -169       1       0                               0D   1896
     128    2372               1       2       0      27           10000D   1897
     128      20    -169       6       0                               0D   1898
     126    2378               1       2       0       0           10500D   1899
     126      20    -169       2       0                               0D   1900
     126    2380               1       2       0       0           10500D   1901
     126      20    -169       2       0                               0D   1902
     126    2382               1       2       0       0           10500D   1903
     126      20    -169       2       0                               0D   1904
     102    2384               1       2       0      27           10500D   1905
     102      20    -169       1       0                               0D   1906
     110    2385               1       2       0      27           10000D   1907
     110      20    -169       2       0                               0D   1908
     110    2387               1       2       0      27           10000D   1909
     110      20    -169       2       0                               0D   1910
     100    2389               1       2       0     161           10000D   1911
     100      20    -169       2       0                               0D   1912
     102    2391               1       2       0      27           10000D   1913
     102      20    -169       1       0                               0D   1914
     142    2392               1       2       0       0           10500D   1915
     142      20    -169       1       0                               0D   1916
     144    2393               1       2       0      27               0D   1917
     144      20    -169       1       0                               0D   1918
     128    2394               1       2       0      27           10000D   1919
     128      20    -169       6       0                               0D   1920
     126    2400               1       2       0       0           10500D   1921
     126      20    -169       2       0                               0D   1922
     126    2402               1       2       0       0           10500D   1923
     126      20    -169       2       0                               0D   1924
     126    2404               1       2       0       0           10500D   1925
     126      20    -169       2       0                               0D   1926
     102    2406               1       2       0      27           10500D   1927
     102      20    -169       1       0                               0D   1928
     110    2407               1       2       0      27           10000D   1929
     110      20    -169       2       0                               0D   1930
     110    2409               1       2       0      27           10000D   1931
     110      20    -169       2       0                               0D   1932
     100    2411               1       2       0     161           10000D   1933
     100      20    -169       2       0                               0D   1934
     102    2413               1       2       0      27           10000D   1935
     102      20    -169       1       0                               0D   1936
     142    2414               1       2       0       0           10500D   1937
     142      20    -169       1       0                               0D   1938
     144    2415               1       2       0      27               0D   1939
     144      20    -169       1       0                               0D   1940
     128    2416               1       2       0      27           10000D   1941
     128      20    -169       5       0                               0D   1942
     126    2421               1       2       0       0           10500D   1943
     126      20    -169       2       0                               0D   1944
     126    2423               1       2       0       0           10500D   1945
     126      20    -169       2       0                               0D   1946
     126    2425               1       2       0       0           10500D   1947
     126      20    -169       2       0                               0D   1948
     126    2427               1       2       0       0           10500D   1949
     126      20    -169       2       0                               0D   1950
     126    2429               1       2       0       0           10500D   1951
     126      20    -169       2       0                               0D   1952
     102    2431               1       2       0      27           10500D   1953
     102      20    -169       1       0                               0D   1954
     110    2432               1       2       0      27           10000D   1955
     110      20    -169       2       0                               0D   1956
     126    2434               1       2       0      27           10000D   1957
     126      20    -169      10       0                               0D   1958
     110    2444               1       2       0      27           10000D   1959
     110      20    -169       2       0                               0D   1960
     110    2446               1       2       0      27           10000D   1961
     110      20    -169       2       0                               0D   1962
     126    2448               1       2       0      27           10000D   1963
     126      20    -169       5       0                               0D   1964
     102    2453               1       2       0      27           10000D   1965
     102      20    -169       1       0                               0D   1966
     142    2454               1       2       0       0           10500D   1967
     142      20    -169       1       0                               0D   1968
     144    2455               1       2       0      27               0D   1969
     144      20    -169       1       0                               0D   1970
     128    2456               1       2       0      27           10000D   1971
     128      20    -169       6       0                               0D   1972
     126    2462               1       2       0       0           10500D   1973
     126      20    -169       2       0                               0D   1974
     126    2464               1       2       0       0           10500D   1975
     126      20    -169       2       0                               0D   1976
     126    2466               1       2       0       0           10500D   1977
     126      20    -169       2       0                               0D   1978
     102    2468               1       2       0      27           10500D   1979
     102      20    -169       1       0                               0D   1980
     100    2469               1       2       0     161           10000D   1981
     100      20    -169       2       0                               0D   1982
     110    2471               1       2       0      27           10000D   1983
     110      20    -169       2       0                               0D   1984
     110    2473               1       2       0      27           10000D   1985
     110      20    -169       2       0                               0D   1986
     102    2475               1       2       0      27           10000D   1987
     102      20    -169       1       0                               0D   1988
     142    2476               1       2       0       0           10500D   1989
     142      20    -169       1       0                               0D   1990
     144    2477               1       2       0      27               0D   1991
     144      20    -169       1       0                               0D   1992
406,10,1,2,3,4,5,6,7,8,9,10,0,0;                                       1P      1
406,2,0,6HSolids,0,0;                                                  3P      2
406,10,11,12,13,14,15,16,17,18,19,20,0,0;                              5P      3
406,2,0,6HSheets,0,0;                                                  7P      4
406,20,21,22,23,24,25,26,27,28,29,30,31,32,33,34,35,36,37,38,39,       9P      5
40,0,0;                                                                9P      6
406,2,0,8HSketches,0,0;                                               11P      7
406,20,41,42,43,44,45,46,47,48,49,50,51,52,53,54,55,56,57,58,59,      13P      8
60,0,0;                                                               13P      9
406,2,0,6HCurves,0,0;                                                 15P     10
406,20,61,62,63,64,65,66,67,68,69,70,71,72,73,74,75,76,77,78,79,      17P     11
80,0,0;                                                               17P     12
406,2,0,6HDatums,0,0;                                                 19P     13
406,2,0,1H0,0,0;                                                      21P     14
406,2,0,1H1,0,0;                                                      23P     15
406,2,0,9HDefpoints,0,0;                                              25P     16
124,1.0,0.0,0.0,0.0,0.0,1.0,0.0,0.0,0.0,0.0,1.0,0.0,0,0;              27P     17
314,60.0,40.0,40.0,13HMedium Maroon,0,0;                              29P     18
116,1.5,0.0,0.0,0,0,0;                                                31P     19
314,100.0,100.0,100.0,5HWhite,0,0;                                    33P     20
116,0.0,0.0,0.0,0,0,0;                                                35P     21
110,181.5,0.0,0.0,181.5,9.16666666666666,0.0,0,0;                     37P     22
110,1.5,14.2230773783617,0.0,1.5,0.0,0.0,0,0;                         39P     23
110,114.595238095238,27.4887732185564,0.0,181.5,                      41P     24
9.16666666666666,0.0,0,0;                                             41P     25
110,114.595238095238,27.4887732185564,0.0,35.547619047619,27.5,       43P     26
0.0,0,0;                                                              43P     27
110,1.5,0.0,0.0,181.5,0.0,0.0,0,0;                                    45P     28
100,0.0,34.5859023525502,-29.9398969315023,35.547619047619,27.5,      47P     29
3.94418834417842,18.6538477393125,0,0;                                47P     30
100,0.0,6.73809523809524,14.2230773783617,3.9441883441784,            49P     31
18.6538477393124,1.5,14.2230773783617,0,0;                            49P     32
108,1.0,0.0,0.0,197.017857142857,0,197.017857142857,0.0,0.0,0.0,      51P     33
0,0;                                                                  51P     34
108,1.0,0.0,0.0,-15.5178571428572,0,-15.5178571428572,0.0,0.0,        53P     35
0.0,0,0;                                                              53P     36
108,0.0,1.0,0.0,36.6876190476191,0,90.75,36.6876190476191,0.0,        55P     37
0.0,0,0;                                                              55P     38
108,0.0,1.0,0.0,-36.6876190476191,0,90.75,-36.6876190476191,0.0,      57P     39
0.0,0,0;                                                              57P     40
406,1,3HTOP,0,0;                                                      59P     41
410,1,1.0,53,55,51,57,0,0,0,1,59;                                     61P     42
124,1.0,0.0,0.0,0.0,0.0,0.0,1.0,0.0,0.0,-1.0,0.0,0.0,0,0;             63P     43
108,1.0,0.0,0.0,197.017857142857,0,197.017857142857,0.0,0.0,0.0,      65P     44
0,0;                                                                  65P     45
108,1.0,0.0,0.0,-15.5178571428572,0,-15.5178571428572,0.0,0.0,        67P     46
0.0,0,0;                                                              67P     47
108,0.0,0.0,1.0,354.772296269749,0,90.75,0.0,354.772296269749,        69P     48
0.0,0,0;                                                              69P     49
108,0.0,0.0,1.0,-354.772296269749,0,90.75,0.0,-354.772296269749,      71P     50
0.0,0,0;                                                              71P     51
406,1,5HFRONT,0,0;                                                    73P     52
410,2,1.0,67,69,65,71,0,0,0,1,73;                                     75P     53
124,0.0,1.0,0.0,0.0,0.0,0.0,1.0,0.0,1.0,0.0,0.0,0.0,0,0;              77P     54
108,0.0,1.0,0.0,36.6876190476191,0,90.75,36.6876190476191,0.0,        79P     55
0.0,0,0;                                                              79P     56
108,0.0,1.0,0.0,-36.6876190476191,0,90.75,-36.6876190476191,0.0,      81P     57
0.0,0,0;                                                              81P     58
108,0.0,0.0,1.0,354.772296269749,0,90.75,0.0,354.772296269749,        83P     59
0.0,0,0;                                                              83P     60
108,0.0,0.0,1.0,-354.772296269749,0,90.75,0.0,-354.772296269749,      85P     61
0.0,0,0;                                                              85P     62
406,1,5HRIGHT,0,0;                                                    87P     63
410,3,1.0,81,83,79,85,0,0,0,1,87;                                     89P     64
124,-1.0,0.0,0.0,0.0,0.0,0.0,1.0,0.0,0.0,1.0,0.0,0.0,0,0;             91P     65
108,-1.0,0.0,0.0,15.5178571428572,0,-15.5178571428572,0.0,0.0,        93P     66
0.0,0,0;                                                              93P     67
108,-1.0,0.0,0.0,-197.017857142857,0,197.017857142857,0.0,0.0,        95P     68
0.0,0,0;                                                              95P     69
108,0.0,0.0,1.0,354.772296269749,0,90.75,0.0,354.772296269749,        97P     70
0.0,0,0;                                                              97P     71
108,0.0,0.0,1.0,-354.772296269749,0,90.75,0.0,-354.772296269749,      99P     72
0.0,0,0;                                                              99P     73
406,1,4HBACK,0,0;                                                    101P     74
410,4,1.0,95,97,93,99,0,0,0,1,101;                                   103P     75
124,1.0,0.0,0.0,0.0,0.0,-1.0,0.0,0.0,0.0,0.0,-1.0,0.0,0,0;           105P     76
108,1.0,0.0,0.0,197.017857142857,0,197.017857142857,0.0,0.0,0.0,     107P     77
0,0;                                                                 107P     78
108,1.0,0.0,0.0,-15.5178571428572,0,-15.5178571428572,0.0,0.0,       109P     79
0.0,0,0;                                                             109P     80
108,0.0,-1.0,0.0,36.6876190476191,0,90.75,-36.6876190476191,0.0,     111P     81
0.0,0,0;                                                             111P     82
108,0.0,-1.0,0.0,-36.6876190476191,0,90.75,36.6876190476191,0.0,     113P     83
0.0,0,0;                                                             113P     84
406,1,6HBOTTOM,0,0;                                                  115P     85
410,5,1.0,109,111,107,113,0,0,0,1,115;                               117P     86
124,0.0,-1.0,0.0,0.0,0.0,0.0,1.0,0.0,-1.0,0.0,0.0,0.0,0,0;           119P     87
108,0.0,-1.0,0.0,36.6876190476191,0,90.75,-36.6876190476191,0.0,     121P     88
0.0,0,0;                                                             121P     89
108,0.0,-1.0,0.0,-36.6876190476191,0,90.75,36.6876190476191,0.0,     123P     90
0.0,0,0;                                                             123P     91
108,0.0,0.0,1.0,354.772296269749,0,90.75,0.0,354.772296269749,       125P     92
0.0,0,0;                                                             125P     93
108,0.0,0.0,1.0,-354.772296269749,0,90.75,0.0,-354.772296269749,     127P     94
0.0,0,0;                                                             127P     95
406,1,4HLEFT,0,0;                                                    129P     96
410,6,1.0,123,125,121,127,0,0,0,1,129;                               131P     97
124,0.707106781186548,0.707106781186548,0.0,0.0,                     133P     98
-0.408248290463863,0.408248290463863,0.816496580927726,0.0,          133P     99
0.577350269189626,-0.577350269189626,0.577350269189626,0.0,0,0;      133P    100
108,0.707106781186548,0.707106781186548,0.0,344.440921520236,0,      135P    101
289.306511325102,197.806511325102,-2.1316282072803E-14,0.0,0,0;      135P    102
108,0.707106781186548,0.707106781186548,0.0,-215.040380563098,0,     137P    103
-106.306511325102,-197.806511325102,-2.1316282072803E-14,0.0,0,      137P    104
0;                                                                   137P    105
108,-0.408248290463863,0.408248290463863,0.816496580927726,          139P    106
122.787651214223,0,26.1221513017203,65.3778486982797,                139P    107
130.755697396559,0.0,0,0;                                            139P    108
108,-0.408248290463863,0.408248290463863,0.816496580927726,          141P    109
-197.49708836911,0,156.87784869828,-65.3778486982797,                141P    110
-130.755697396559,0.0,0,0;                                           141P    111
406,1,7HTFR-ISO,0,0;                                                 143P    112
410,7,1.0,137,139,135,141,0,0,0,1,143;                               145P    113
124,0.63121905864763,0.775604602874429,0.0,0.0,                      147P    114
-0.291176881826266,0.236971772169955,0.926855114181588,0.0,          147P    115
0.718873092756943,-0.585048612676443,0.375419228750255,0.0,0,0;      147P    116
108,0.63121905864763,0.775604602874429,0.0,153.28992681831,0,        149P    117
151.802492056418,74.096131545777,0.0,0.0,0,0;                        149P    118
108,0.63121905864763,0.775604602874429,0.0,-37.7768390857939,0,      151P    119
31.1975079435822,-74.096131545777,0.0,0.0,0,0;                       151P    120
108,-0.291176881826266,0.236971772169955,0.926855114181588,          153P    121
341.816505864085,0,-15.7867981849249,87.3144273572223,               153P    122
341.508285129577,0.0,0,0;                                            153P    123
108,-0.291176881826266,0.236971772169955,0.926855114181588,          155P    124
-395.101875238292,0,198.786798184925,-87.3144273572223,              155P    125
-341.508285129577,0.0,0,0;                                           155P    126
406,1,7HTFR-TRI,0,0;                                                 157P    127
410,8,1.0,151,153,149,155,0,0,0,1,157;                               159P    128
124,0.0,0.0,-1.0,0.0,0.0,-1.0,0.0,0.0,-1.0,0.0,0.0,0.0,0,0;          161P    129
124,-0.964341036335879,0.0,-0.264662739422541,149.572781629337,      163P    130
-0.264662739422541,1.17145536458252E-15,0.964341036335879,           163P    131
41.050147860017,3.10040585901642E-16,1.0,-1.12968248030274E-15,      163P    132
-4.80884159275228E-14,0,0;                                           163P    133
124,0.0,0.0,1.0,0.0,0.0,1.0,0.0,0.0,-1.0,0.0,0.0,0.0,0,0;            165P    134
124,-0.964341036335879,0.0,-0.264662739422541,149.572781629339,      167P    135
-6.20081171803284E-16,-1.0,2.25936496060547E-15,                     167P    136
9.61768318550465E-14,-0.264662739422541,2.34291072916505E-15,        167P    137
0.964341036335879,41.0501478600174,0,0;                              167P    138
314,59.6078431372549,66.6666666666667,68.6274509803922,12HMedium     169P    139
 Steel,0,0;                                                          169P    140
128,1,3,1,3,0,0,0,0,0,0.0,0.0,1.0,1.0,0.0,0.0,0.0,0.0,1.0,1.0,       171P    141
1.0,1.0,1.0,1.0,0.801784543925818,0.801784543925818,                 171P    142
0.801784543925818,0.801784543925818,1.0,1.0,114.595238095238,        171P    143
0.171678775025162,-27.4882371107976,181.5,0.057249630308528,         171P    144
-9.16648789109589,114.595238095238,-16.0904894034461,                171P    145
-27.5898030679334,181.5,-5.36568699127522,-9.20035703710478,         171P    146
114.595238095238,-27.5898030679335,-16.090489403446,181.5,           171P    147
-9.20035703710481,-5.36568699127518,114.595238095238,                171P    148
-27.4882371107976,0.1716787750253,181.5,-9.16648789109589,           171P    149
0.057249630308574,0.0,1.0,0.0,1.0,0,0;                               171P    150
126,1,1,1,0,1,0,0.0,0.0,1.0,1.0,1.0,1.0,1.0,0.0977605204400104,      173P    151
0.0,1.0,0.903229693281227,0.0,0.0,1.0,0.0,0.0,1.0,0,0;               173P    152
126,2,2,1,0,1,0,0.0,0.0,0.0,1.0,1.0,1.0,1.0,1.0,1.0,1.0,             175P    153
0.903229693281227,0.0,0.898888410055353,0.921558884548751,0.0,       175P    154
0.747330960854095,0.933819540850287,0.0,0.0,1.0,0.0,0.0,1.0,0,0;     175P    155
126,1,1,1,0,1,0,0.0,0.0,1.0,1.0,1.0,1.0,0.747330960854095,           177P    156
0.933819540850287,0.0,0.747330960854095,0.950049198130448,0.0,       177P    157
0.0,1.0,0.0,0.0,1.0,0,0;                                             177P    158
126,4,2,1,0,1,0,0.0,0.0,0.0,0.5,0.5,1.0,1.0,1.0,1.0,1.0,1.0,1.0,     179P    159
1.0,0.747330960854094,0.950049198130448,0.0,0.705529436203645,       179P    160
0.952551268370125,0.0,0.242338704131944,0.975302997785122,0.0,       179P    161
0.0226051715577159,0.986096214337988,0.0,0.0,0.993416267451553,      179P    162
0.0,0.0,1.0,0.0,0.0,1.0,0,0;                                         179P    163
126,1,1,1,0,1,0,0.0,0.0,1.0,1.0,1.0,1.0,0.0,0.993416267451552,       181P    164
0.0,0.0,0.00658373254844812,0.0,0.0,1.0,0.0,0.0,1.0,0,0;             181P    165
126,4,2,1,0,1,0,0.0,0.0,0.0,0.5,0.5,1.0,1.0,1.0,1.0,1.0,1.0,1.0,     183P    166
1.0,0.0,0.00658373254844762,0.0,0.0226051715577218,                  183P    167
0.0139037856620097,0.0,0.24233870413199,0.0246970022148775,0.0,      183P    168
0.705529436203651,0.0474487316298726,0.0,0.747330960854094,          183P    169
0.0499508018695498,0.0,0.0,1.0,0.0,0.0,1.0,0,0;                      183P    170
126,1,1,1,0,1,0,0.0,0.0,1.0,1.0,1.0,1.0,0.747330960854095,           185P    171
0.0499508018695501,0.0,0.747330960854096,0.0668455397877832,0.0,     185P    172
0.0,1.0,0.0,0.0,1.0,0,0;                                             185P    173
126,2,2,1,0,1,0,0.0,0.0,0.0,1.0,1.0,1.0,1.0,1.0,1.0,                 187P    174
0.747330960854095,0.0668455397877828,0.0,0.898889314456022,          187P    175
0.0792368439070459,0.0,1.0,0.0977605204400102,0.0,0.0,1.0,0.0,       187P    176
0.0,1.0,0,0;                                                         187P    177
102,8,173,175,177,179,181,183,185,187,0,0;                           189P    178
100,-181.5,0.0,0.0,9.08103946570971,1.25000000000016,                191P    179
1.23649767870154,9.08288782647586,0,0;                               191P    180
126,3,3,0,0,1,0,0.0,0.0,0.0,0.0,1.0,1.0,1.0,1.0,1.0,1.0,1.0,1.0,     193P    181
181.5,-9.08288782647588,-1.23649767870154,175.866311587439,          193P    182
-10.6399239441237,-1.23649767870154,170.230973558237,                193P    183
-12.190969790324,-1.23649767870154,164.595238095238,                 193P    184
-13.7405724307088,-1.23649767870154,0.0,1.0,0.0,0.0,0.0,0,0;         193P    185
100,-164.595238095238,0.0,0.0,1.23649767870154,13.7405724307088,     195P    186
0.908170956040731,13.7661716808847,0,0;                              195P    187
104,0.824774620206978,0.0,2715.04142825669,0.0,0.0,                  197P    188
-2239.29726283662,-56.837510875313,0.0210660581189757,               197P    189
-0.908170956040745,51.869943287234,-0.0863592382709405,0,0;          197P    190
100,114.595238095238,0.0,0.0,0.0863592382709673,                     199P    191
-27.4886375643317,27.4886375643317,-0.0863592382711256,0,0;          199P    192
104,0.824774620206931,0.0,2715.04142825653,0.0,0.0,                  201P    193
-2239.29726283636,-56.837510875313,51.8699432872322,                 201P    194
0.0863592382709956,0.0210660581204252,0.908170956040719,0,0;         201P    195
100,-164.595238095238,0.0,0.0,13.7661716808847,                      203P    196
0.908170956040754,13.7393506845479,1.25000000000019,0,0;             203P    197
126,3,3,0,0,1,0,0.0,0.0,0.0,0.0,1.0,1.0,1.0,1.0,1.0,1.0,1.0,1.0,     205P    198
164.595238095238,-1.25000000000018,-13.7393506845479,                205P    199
170.230993375865,-1.25000000000017,-12.1896047990932,                205P    200
175.866343905737,-1.25000000000017,-10.6383835695828,181.5,          205P    201
-1.25000000000016,-9.08103946570973,0.0,1.0,0.0,0.0,0.0,0,0;         205P    202
102,8,191,193,195,197,199,201,203,205,0,0;                           207P    203
142,0,171,189,207,3,0,0;                                             209P    204
144,171,1,0,209,0,0;                                                 211P    205
128,1,6,1,3,0,0,0,0,0,0.0,0.0,1.0,1.0,0.0,0.0,0.0,0.0,0.5,0.5,       213P    206
0.5,1.0,1.0,1.0,1.0,1.0,1.0,0.333333333333333,0.333333333333333,     213P    207
0.333333333333333,0.333333333333333,1.0,1.0,0.333333333333333,       213P    208
0.333333333333333,0.333333333333333,0.333333333333333,1.0,1.0,       213P    209
35.547619047619,0.0,27.5,114.595238095238,0.0,27.4887732185564,      213P    210
35.547619047619,55.0,27.5,114.595238095238,54.9775464371128,         213P    211
27.4887732185564,35.547619047619,55.0,-27.5,114.595238095238,        213P    212
54.9775464371128,-27.4887732185564,35.547619047619,0.0,-27.5,        213P    213
114.595238095238,0.0,-27.4887732185564,35.547619047619,-55.0,        213P    214
-27.5,114.595238095238,-54.9775464371128,-27.4887732185564,          213P    215
35.547619047619,-55.0,27.5,114.595238095238,-54.9775464371128,       213P    216
27.4887732185564,35.547619047619,0.0,27.5,114.595238095238,0.0,      213P    217
27.4887732185564,0.0,1.0,0.0,1.0,0,0;                                213P    218
126,2,2,1,0,1,0,0.0,0.0,0.0,1.0,1.0,1.0,1.0,1.0,1.0,1.0,             215P    219
0.999215825231027,0.0,1.0,0.999607912615514,0.0,1.0,1.0,0.0,0.0,     215P    220
1.0,0.0,0.0,1.0,0,0;                                                 215P    221
126,1,1,1,0,1,0,0.0,0.0,1.0,1.0,1.0,1.0,1.0,1.0,0.0,0.0,1.0,0.0,     217P    222
0.0,1.0,0.0,0.0,1.0,0,0;                                             217P    223
126,1,1,1,0,1,0,0.0,0.0,1.0,1.0,1.0,1.0,0.0,1.0,0.0,0.0,0.5,0.0,     219P    224
0.0,1.0,0.0,0.0,1.0,0,0;                                             219P    225
126,1,1,1,0,1,0,0.0,0.0,1.0,1.0,1.0,1.0,0.0,0.5,0.0,0.0,0.0,0.0,     221P    226
0.0,1.0,0.0,0.0,1.0,0,0;                                             221P    227
126,1,1,1,0,1,0,0.0,0.0,1.0,1.0,1.0,1.0,0.0,0.0,0.0,1.0,0.0,0.0,     223P    228
0.0,1.0,0.0,0.0,1.0,0,0;                                             223P    229
126,2,2,1,0,1,0,0.0,0.0,0.0,1.0,1.0,1.0,1.0,1.0,1.0,1.0,0.0,0.0,     225P    230
1.0,0.000392087384486983,0.0,1.0,0.000784174768973967,0.0,0.0,       225P    231
1.0,0.0,0.0,1.0,0,0;                                                 225P    232
126,1,1,1,0,1,0,0.0,0.0,1.0,1.0,1.0,1.0,1.0,                         227P    233
0.000784174768973837,0.0,1.0,0.249607296719504,0.0,0.0,1.0,0.0,      227P    234
0.0,1.0,0,0;                                                         227P    235
126,1,1,1,0,1,0,0.0,0.0,1.0,1.0,1.0,1.0,1.0,0.249607296719504,       229P    236
0.0,1.0,0.250392703280496,0.0,0.0,1.0,0.0,0.0,1.0,0,0;               229P    237
126,1,1,1,0,1,0,0.0,0.0,1.0,1.0,1.0,1.0,1.0,0.250392703280496,       231P    238
0.0,1.0,0.499215825231026,0.0,0.0,1.0,0.0,0.0,1.0,0,0;               231P    239
126,1,1,1,0,1,0,0.0,0.0,1.0,1.0,1.0,1.0,1.0,0.499215825231026,       233P    240
0.0,1.0,0.500784174768981,0.0,0.0,1.0,0.0,0.0,1.0,0,0;               233P    241
126,1,1,1,0,1,0,0.0,0.0,1.0,1.0,1.0,1.0,1.0,0.500784174768981,       235P    242
0.0,1.0,0.749607296719502,0.0,0.0,1.0,0.0,0.0,1.0,0,0;               235P    243
126,1,1,1,0,1,0,0.0,0.0,1.0,1.0,1.0,1.0,1.0,0.749607296719502,       237P    244
0.0,1.0,0.750392703280499,0.0,0.0,1.0,0.0,0.0,1.0,0,0;               237P    245
126,1,1,1,0,1,0,0.0,0.0,1.0,1.0,1.0,1.0,1.0,0.750392703280499,       239P    246
0.0,1.0,0.999215825231027,0.0,0.0,1.0,0.0,0.0,1.0,0,0;               239P    247
102,13,215,217,219,221,223,225,227,229,231,233,235,237,239,0,0;      241P    248
126,3,3,0,0,1,0,0.0,0.0,0.0,0.0,1.0,1.0,1.0,1.0,1.0,1.0,1.0,1.0,     243P    249
114.595238095238,-0.0863592382702466,27.4886375643317,               243P    250
114.595238095238,-0.0575729202189315,27.4887280004071,               243P    251
114.595238095238,-0.0287864601094981,27.4887732185564,               243P    252
114.595238095238,-6.73280762691852E-15,27.4887732185564,0.0,1.0,     243P    253
0.0,0.0,0.0,0,0;                                                     243P    254
110,114.595238095238,0.0,27.4887732185564,35.547619047619,0.0,       245P    255
27.5,0,0;                                                            245P    256
100,35.547619047619,0.0,0.0,-27.5,3.36777869765522E-15,27.5,         247P    257
-6.73555739531044E-15,0,0;                                           247P    258
100,35.547619047619,0.0,0.0,27.5,0.0,-27.5,3.36777869765522E-15,     249P    259
0,0;                                                                 249P    260
110,35.547619047619,0.0,27.5,114.595238095238,0.0,                   251P    261
27.4887732185564,0,0;                                                251P    262
126,3,3,0,0,1,0,0.0,0.0,0.0,0.0,1.0,1.0,1.0,1.0,1.0,1.0,1.0,1.0,     253P    263
114.595238095238,-6.73280762691852E-15,27.4887732185564,             253P    264
114.595238095238,0.0287864601095208,27.4887732185564,                253P    265
114.595238095238,0.0575729202190039,27.4887280004071,                253P    266
114.595238095238,0.0863592382703552,27.4886375643317,0.0,1.0,        253P    267
0.0,0.0,0.0,0,0;                                                     253P    268
100,-114.595238095238,0.0,0.0,-27.4886375643317,                     255P    269
-0.0863592382703342,-0.0863592382705624,-27.4886375643317,0,0;       255P    270
126,3,3,0,0,1,0,0.0,0.0,0.0,0.0,1.0,1.0,1.0,1.0,1.0,1.0,1.0,1.0,     257P    271
114.595238095238,27.4886375643317,0.086359238270559,                 257P    272
114.595238095238,27.4888184364826,0.0287866021677582,                257P    273
114.595238095238,27.4888184364826,-0.0287866021676449,               257P    274
114.595238095238,27.4886375643317,-0.0863592382704458,0.0,1.0,       257P    275
0.0,0.0,0.0,0,0;                                                     257P    276
100,-114.595238095238,0.0,0.0,0.0863592382704302,                    259P    277
-27.4886375643317,27.4886375643317,-0.0863592382703199,0,0;          259P    278
126,3,3,0,0,1,0,0.0,0.0,0.0,0.0,1.0,1.0,1.0,1.0,1.0,1.0,1.0,1.0,     261P    279
114.595238095238,0.0863592382703165,-27.4886375643317,               261P    280
114.595238095238,0.0287866021673733,-27.4888184364826,               261P    281
114.595238095238,-0.0287866021681723,-27.4888184364825,              261P    282
114.595238095238,-0.0863592382711155,-27.4886375643317,0.0,1.0,      261P    283
0.0,0.0,0.0,0,0;                                                     261P    284
100,-114.595238095238,0.0,0.0,27.4886375643317,                      263P    285
0.0863592382711188,0.0863592382709496,27.4886375643317,0,0;          263P    286
126,3,3,0,0,1,0,0.0,0.0,0.0,0.0,1.0,1.0,1.0,1.0,1.0,1.0,1.0,1.0,     265P    287
114.595238095238,-27.4886375643317,-0.0863592382709774,              265P    288
114.595238095238,-27.4888184364826,-0.0287866021677819,              265P    289
114.595238095238,-27.4888184364826,0.0287866021680159,               265P    290
114.595238095238,-27.4886375643317,0.0863592382712114,0.0,1.0,       265P    291
0.0,0.0,0.0,0,0;                                                     265P    292
100,-114.595238095238,0.0,0.0,-0.0863592382712148,                   267P    293
27.4886375643317,-27.4886375643317,0.0863592382702433,0,0;           267P    294
102,13,243,245,247,249,251,253,255,257,259,261,263,265,267,0,0;      269P    295
142,0,213,241,269,3,0,0;                                             271P    296
144,213,1,0,271,0,0;                                                 273P    297
128,1,1,1,1,0,0,1,0,0,0.0,0.0,1.0,1.0,0.0,0.0,1.0,1.0,1.0,1.0,       275P    298
1.0,1.0,1.5,-14.393754306902,-14.393754306902,1.5,                   275P    299
-14.393754306902,14.393754306902,1.5,14.393754306902,                275P    300
-14.393754306902,1.5,14.393754306902,14.393754306902,0.0,1.0,        275P    301
0.0,1.0,0,0;                                                         275P    302
126,32,2,1,1,1,1,-0.0625,-0.0625,0.0,0.0625,0.0625,0.125,0.125,      277P    303
0.1875,0.1875,0.25,0.25,0.3125,0.3125,0.375,0.375,0.4375,0.4375,     277P    304
0.5,0.5,0.5625,0.5625,0.625,0.625,0.6875,0.6875,0.75,0.75,           277P    305
0.8125,0.8125,0.875,0.875,0.9375,0.9375,1.0,1.0625,1.0625,1.0,       277P    306
1.0,1.0,1.0,1.0,1.0,1.0,1.0,1.0,1.0,1.0,1.0,1.0,1.0,1.0,1.0,1.0,     277P    307
1.0,1.0,1.0,1.0,1.0,1.0,1.0,1.0,1.0,1.0,1.0,1.0,1.0,1.0,1.0,1.0,     277P    308
0.00592885375494068,0.598276861353586,0.0,0.00592885375494068,       277P    309
0.401723138646414,0.0,0.0435377803797992,0.310927157922386,0.0,      277P    310
0.0811467070046575,0.220131177198359,0.0,0.150638942101508,          277P    311
0.150638942101508,0.0,0.220131177198359,0.0811467070046574,0.0,      277P    312
0.310927157922386,0.0435377803797991,0.0,0.401723138646414,          277P    313
0.00592885375494068,0.0,0.5,0.00592885375494068,0.0,                 277P    314
0.598276861353586,0.00592885375494068,0.0,0.689072842077614,         277P    315
0.0435377803797992,0.0,0.779868822801641,0.0811467070046576,0.0,     277P    316
0.849361057898492,0.150638942101508,0.0,0.918853292995343,           277P    317
0.220131177198359,0.0,0.956462219620201,0.310927157922387,0.0,       277P    318
0.994071146245059,0.401723138646414,0.0,0.994071146245059,0.5,       277P    319
0.0,0.994071146245059,0.598276861353586,0.0,0.956462219620201,       277P    320
0.689072842077614,0.0,0.918853292995343,0.779868822801641,0.0,       277P    321
0.849361057898492,0.849361057898492,0.0,0.779868822801641,           277P    322
0.918853292995343,0.0,0.689072842077614,0.956462219620201,0.0,       277P    323
0.598276861353586,0.994071146245059,0.0,0.5,0.994071146245059,       277P    324
0.0,0.401723138646414,0.994071146245059,0.0,0.310927157922386,       277P    325
0.956462219620201,0.0,0.220131177198359,0.918853292995343,0.0,       277P    326
0.150638942101508,0.849361057898492,0.0,0.0811467070046573,          277P    327
0.779868822801641,0.0,0.0435377803797991,0.689072842077614,0.0,      277P    328
0.00592885375494068,0.598276861353586,0.0,0.00592885375494068,       277P    329
0.401723138646414,0.0,0.0,1.0,0.0,0.0,1.0,0,0;                       277P    330
100,-1.5,0.0,0.0,14.2230773783617,0.0,14.2230773783617,              279P    331
-3.48364923708715E-15,0,0;                                           279P    332
142,0,275,277,279,3,0,0;                                             281P    333
144,275,1,0,281,0,0;                                                 283P    334
124,0.0,1.0,0.0,0.0,0.0,0.0,-1.0,0.0,-1.0,0.0,0.0,0.0,0,0;           285P    335
128,3,6,3,3,0,0,0,0,0,0.0,0.0,0.0,0.0,1.0,1.0,1.0,1.0,0.0,0.0,       287P    336
0.0,0.0,0.5,0.5,0.5,1.0,1.0,1.0,1.0,1.0,0.972225887940777,           287P    337
0.972225887940777,1.0,0.333333333333333,0.324075295980259,           287P    338
0.324075295980259,0.333333333333333,0.333333333333333,               287P    339
0.324075295980259,0.324075295980259,0.333333333333333,1.0,           287P    340
0.972225887940777,0.972225887940777,1.0,0.333333333333333,           287P    341
0.324075295980259,0.324075295980259,0.333333333333333,               287P    342
0.333333333333333,0.324075295980259,0.324075295980259,               287P    343
0.333333333333333,1.0,0.972225887940777,0.972225887940777,1.0,       287P    344
35.547619047619,0.0,-27.5,24.2972996866202,0.0,                      287P    345
-27.6883641951383,13.4618785856049,0.0,-24.6554091413753,            287P    346
3.94418834417841,0.0,-18.6538477393125,35.547619047619,55.0,         287P    347
-27.5,24.2972996866202,55.3767283902766,-27.6883641951383,           287P    348
13.4618785856049,49.3108182827506,-24.6554091413753,                 287P    349
3.94418834417841,37.3076954786249,-18.6538477393125,                 287P    350
35.547619047619,55.0,27.5,24.2972996866202,55.3767283902766,         287P    351
27.6883641951383,13.4618785856049,49.3108182827506,                  287P    352
24.6554091413753,3.94418834417841,37.3076954786249,                  287P    353
18.6538477393125,35.547619047619,0.0,27.5,24.2972996866202,0.0,      287P    354
27.6883641951383,13.4618785856049,0.0,24.6554091413753,              287P    355
3.94418834417841,0.0,18.6538477393125,35.547619047619,-55.0,         287P    356
27.5,24.2972996866202,-55.3767283902766,27.6883641951383,            287P    357
13.4618785856049,-49.3108182827506,24.6554091413753,                 287P    358
3.94418834417841,-37.3076954786249,18.6538477393125,                 287P    359
35.547619047619,-55.0,-27.5,24.2972996866202,-55.3767283902766,      287P    360
-27.6883641951383,13.4618785856049,-49.3108182827506,                287P    361
-24.6554091413753,3.94418834417841,-37.3076954786249,                287P    362
-18.6538477393125,35.547619047619,0.0,-27.5,24.2972996866202,        287P    363
0.0,-27.6883641951383,13.4618785856049,0.0,-24.6554091413753,        287P    364
3.94418834417841,0.0,-18.6538477393125,0.0,1.0,0.0,1.0,0,0;          287P    365
126,1,1,1,0,1,0,0.0,0.0,1.0,1.0,1.0,1.0,0.0,1.0,0.0,0.0,0.0,0.0,     289P    366
0.0,1.0,0.0,0.0,1.0,0,0;                                             289P    367
126,1,1,1,0,1,0,0.0,0.0,1.0,1.0,1.0,1.0,0.0,0.0,0.0,1.0,0.0,0.0,     291P    368
0.0,1.0,0.0,0.0,1.0,0,0;                                             291P    369
126,1,1,1,0,1,0,0.0,0.0,1.0,1.0,1.0,1.0,1.0,0.0,0.0,1.0,1.0,0.0,     293P    370
0.0,1.0,0.0,0.0,1.0,0,0;                                             293P    371
126,1,1,1,0,1,0,0.0,0.0,1.0,1.0,1.0,1.0,1.0,1.0,0.0,0.0,1.0,0.0,     295P    372
0.0,1.0,0.0,0.0,1.0,0,0;                                             295P    373
102,4,289,291,293,295,0,0;                                           297P    374
100,-35.547619047619,0.0,0.0,27.5,0.0,27.5,                          299P    375
-6.73555739531044E-15,0,0;                                           299P    376
100,0.0,-29.9398969315023,-34.5859023525502,27.5,                    301P    377
-35.547619047619,18.6538477393125,-3.94418834417842,0,0;             301P    378
100,3.94418834417843,0.0,0.0,18.6538477393125,0.0,                   303P    379
18.6538477393125,-4.56887498514622E-15,0,0;                          303P    380
100,0.0,-29.9398969315023,34.5859023525502,18.6538477393125,         305P    381
3.94418834417841,27.5,35.547619047619,0,0;                           305P    382
102,4,299,301,303,305,0,0;                                           307P    383
142,0,287,297,307,3,0,0;                                             309P    384
144,287,1,0,309,0,0;                                                 311P    385
128,1,1,1,1,0,0,1,0,0,0.0,0.0,1.0,1.0,0.0,0.0,1.0,1.0,1.0,1.0,       313P    386
1.0,1.0,181.5,-27.2210899937892,27.2210899937892,181.5,              313P    387
-27.2210899937892,-27.2210899937892,181.5,27.2210899937892,          313P    388
27.2210899937892,181.5,27.2210899937892,-27.2210899937892,0.0,       313P    389
1.0,0.0,1.0,0,0;                                                     313P    390
126,32,2,1,1,1,1,-0.0625,-0.0625,0.0,0.0625,0.0625,0.125,0.125,      315P    391
0.1875,0.1875,0.25,0.25,0.3125,0.3125,0.375,0.375,0.4375,0.4375,     315P    392
0.5,0.5,0.5625,0.5625,0.625,0.625,0.6875,0.6875,0.75,0.75,           315P    393
0.8125,0.8125,0.875,0.875,0.9375,0.9375,1.0,1.0625,1.0625,1.0,       315P    394
1.0,1.0,1.0,1.0,1.0,1.0,1.0,1.0,1.0,1.0,1.0,1.0,1.0,1.0,1.0,1.0,     315P    395
1.0,1.0,1.0,1.0,1.0,1.0,1.0,1.0,1.0,1.0,1.0,1.0,1.0,1.0,1.0,1.0,     315P    396
0.994071146245059,0.401723138646414,0.0,0.994071146245059,           315P    397
0.598276861353586,0.0,0.956462219620201,0.689072842077614,0.0,       315P    398
0.918853292995343,0.779868822801641,0.0,0.849361057898492,           315P    399
0.849361057898492,0.0,0.779868822801641,0.918853292995343,0.0,       315P    400
0.689072842077614,0.956462219620201,0.0,0.598276861353586,           315P    401
0.994071146245059,0.0,0.5,0.994071146245059,0.0,                     315P    402
0.401723138646414,0.994071146245059,0.0,0.310927157922387,           315P    403
0.956462219620201,0.0,0.220131177198359,0.918853292995343,0.0,       315P    404
0.150638942101508,0.849361057898492,0.0,0.0811467070046573,          315P    405
0.779868822801641,0.0,0.043537780379799,0.689072842077614,0.0,       315P    406
0.00592885375494073,0.598276861353586,0.0,0.00592885375494073,       315P    407
0.5,0.0,0.00592885375494073,0.401723138646414,0.0,                   315P    408
0.043537780379799,0.310927157922387,0.0,0.0811467070046572,          315P    409
0.220131177198359,0.0,0.150638942101508,0.150638942101508,0.0,       315P    410
0.220131177198359,0.0811467070046575,0.0,0.310927157922386,          315P    411
0.0435377803797992,0.0,0.401723138646414,0.00592885375494074,        315P    412
0.0,0.5,0.00592885375494073,0.0,0.598276861353586,                   315P    413
0.00592885375494073,0.0,0.689072842077614,0.0435377803797991,        315P    414
0.0,0.779868822801641,0.0811467070046575,0.0,0.849361057898492,      315P    415
0.150638942101508,0.0,0.918853292995343,0.220131177198359,0.0,       315P    416
0.956462219620201,0.310927157922386,0.0,0.994071146245059,           315P    417
0.401723138646414,0.0,0.994071146245059,0.598276861353586,0.0,       315P    418
0.0,1.0,0.0,0.0,1.0,0,0;                                             315P    419
100,181.5,0.0,0.0,26.8983102705427,0.0,26.8983102705427,             317P    420
-6.58818591505851E-15,0,0;                                           317P    421
142,0,313,315,317,3,0,0;                                             319P    422
126,1,1,1,0,1,0,0.0,0.0,1.0,1.0,1.0,1.0,0.47679184923185,            321P    423
0.956723257272024,0.0,0.47679184923185,0.666767213407343,0.0,        321P    424
0.0,1.0,0.0,0.0,1.0,0,0;                                             321P    425
126,4,2,1,0,1,0,0.0,0.0,0.0,0.5,0.5,1.0,1.0,1.0,1.0,1.0,1.0,1.0,     323P    426
1.0,0.47679184923185,0.666767213407343,0.0,0.420798191623479,        323P    427
0.658974858895422,0.0,0.380852866840339,0.618970090315009,0.0,       323P    428
0.340907542057198,0.578965321734596,0.0,0.33319845994812,            323P    429
0.522960138633043,0.0,0.0,1.0,0.0,0.0,1.0,0,0;                       323P    430
126,1,1,1,0,1,0,0.0,0.0,1.0,1.0,1.0,1.0,0.33319845994812,            325P    431
0.522960138633043,0.0,0.0432642076329071,0.522960138633045,0.0,      325P    432
0.0,1.0,0.0,0.0,1.0,0,0;                                             325P    433
126,8,2,1,0,1,0,0.0,0.0,0.0,0.25,0.25,0.5,0.5,0.75,0.75,1.0,1.0,     327P    434
1.0,1.0,1.0,1.0,1.0,1.0,1.0,1.0,1.0,1.0,0.0432642076329072,          327P    435
0.522960138633044,0.0,0.047530665424716,0.607830879671953,0.0,       327P    436
0.0820009735087901,0.685503546725246,0.0,0.116471281592864,          327P    437
0.763176213778539,0.0,0.176543421908126,0.8232809831777,0.0,         327P    438
0.236615562223388,0.88338575257686,0.0,0.314269499845166,            327P    439
0.917898233194973,0.0,0.391923437466945,0.952410713813086,0.0,       327P    440
0.47679184923185,0.956723257272024,0.0,0.0,1.0,0.0,0.0,1.0,0,0;      327P    441
102,4,321,323,325,327,0,0;                                           329P    442
110,181.5,24.8650097769167,1.26350232129846,181.5,                   331P    443
9.0791706483495,1.26350232129846,0,0;                                331P    444
100,181.5,0.0,0.0,-1.26350232129846,9.0791706483495,                 333P    445
-9.08103946570974,1.24999999999991,0,0;                              333P    446
110,181.5,1.24999999999991,9.08103946570974,181.5,                   335P    447
1.24999999999997,24.8656922148186,0,0;                               335P    448
100,-181.5,0.0,0.0,-24.8656922148186,-1.24999999999996,              337P    449
-1.26350232129847,-24.8650097769167,0,0;                             337P    450
102,4,331,333,335,337,0,0;                                           339P    451
142,0,313,329,339,3,0,0;                                             341P    452
126,1,1,1,0,1,0,0.0,0.0,1.0,1.0,1.0,1.0,0.0432642076329072,          343P    453
0.477039861366954,0.0,0.33319845994812,0.477039861366953,0.0,        343P    454
0.0,1.0,0.0,0.0,1.0,0,0;                                             343P    455
126,4,2,1,0,1,0,0.0,0.0,0.0,0.5,0.5,1.0,1.0,1.0,1.0,1.0,1.0,1.0,     345P    456
1.0,0.33319845994812,0.477039861366953,0.0,0.3409075420572,          345P    457
0.421034678265401,0.0,0.38085286684034,0.38102990968499,0.0,         345P    458
0.42079819162348,0.341025141104578,0.0,0.47679184923185,             345P    459
0.333232786592657,0.0,0.0,1.0,0.0,0.0,1.0,0,0;                       345P    460
126,1,1,1,0,1,0,0.0,0.0,1.0,1.0,1.0,1.0,0.47679184923185,            347P    461
0.333232786592657,0.0,0.47679184923185,0.0432767427279758,0.0,       347P    462
0.0,1.0,0.0,0.0,1.0,0,0;                                             347P    463
126,8,2,1,0,1,0,0.0,0.0,0.0,0.25,0.25,0.5,0.5,0.75,0.75,1.0,1.0,     349P    464
1.0,1.0,1.0,1.0,1.0,1.0,1.0,1.0,1.0,1.0,0.47679184923185,            349P    465
0.0432767427279758,0.0,0.391923437466945,0.0475892861869138,0.0,     349P    466
0.314269499845167,0.0821017668050268,0.0,0.236615562223388,          349P    467
0.11661424742314,0.0,0.176543421908126,0.1767190168223,0.0,          349P    468
0.116471281592865,0.23682378622146,0.0,0.0820009735087905,           349P    469
0.314496453274753,0.0,0.0475306654247162,0.392169120328046,0.0,      349P    470
0.0432642076329072,0.477039861366954,0.0,0.0,1.0,0.0,0.0,1.0,0,      349P    471
0;                                                                   349P    472
102,4,343,345,347,349,0,0;                                           351P    473
110,181.5,-1.25000000000003,24.8656922148185,181.5,                  353P    474
-1.25000000000009,9.08103946570972,0,0;                              353P    475
100,181.5,0.0,0.0,-9.08103946570972,-1.25000000000009,               355P    476
-1.26350232129846,-9.0791706483495,0,0;                              355P    477
110,181.5,-9.0791706483495,1.26350232129846,181.5,                   357P    478
-24.8650097769167,1.26350232129846,0,0;                              357P    479
100,-181.5,0.0,0.0,-1.26350232129846,24.8650097769167,               359P    480
-24.8656922148185,1.25000000000002,0,0;                              359P    481
102,4,353,355,357,359,0,0;                                           361P    482
142,0,313,351,361,3,0,0;                                             363P    483
126,1,1,1,0,1,0,0.0,0.0,1.0,1.0,1.0,1.0,0.522712126497941,           365P    484
0.0432518075512653,0.0,0.522712126497941,0.333164509052573,0.0,      365P    485
0.0,1.0,0.0,0.0,1.0,0,0;                                             365P    486
126,4,2,1,0,1,0,0.0,0.0,0.0,0.5,0.5,1.0,1.0,1.0,1.0,1.0,1.0,1.0,     367P    487
1.0,0.522712126497941,0.333164509052573,0.0,0.57886675736841,        367P    488
0.340809111963695,0.0,0.618970108444036,0.38085288494243,0.0,        367P    489
0.659073459519663,0.420896657921165,0.0,0.66680154005188,            367P    490
0.477039861366952,0.0,0.0,1.0,0.0,0.0,1.0,0,0;                       367P    491
126,1,1,1,0,1,0,0.0,0.0,1.0,1.0,1.0,1.0,0.66680154005188,            369P    492
0.477039861366952,0.0,0.956735792367093,0.477039861366951,0.0,       369P    493
0.0,1.0,0.0,0.0,1.0,0,0;                                             369P    494
126,8,2,1,0,1,0,0.0,0.0,0.0,0.25,0.25,0.5,0.5,0.75,0.75,1.0,1.0,     371P    495
1.0,1.0,1.0,1.0,1.0,1.0,1.0,1.0,1.0,1.0,0.956735792367092,           371P    496
0.477039861366951,0.0,0.95246610997334,0.392104974760498,0.0,        371P    497
0.917948645935884,0.314382971267167,0.0,0.883431181898429,           371P    498
0.236660967773835,0.0,0.823280985574938,0.176543424304062,0.0,       371P    499
0.763130789251446,0.11642588083429,0.0,0.685390054141565,            371P    500
0.0819506251402446,0.0,0.607649319031684,0.0474753694461991,0.0,     371P    501
0.522712126497941,0.0432518075512653,0.0,0.0,1.0,0.0,0.0,1.0,0,      371P    502
0;                                                                   371P    503
102,4,365,367,369,371,0,0;                                           373P    504
110,181.5,-24.8663673022952,-1.23649767870154,181.5,                 375P    505
-9.08288782647586,-1.23649767870154,0,0;                             375P    506
100,181.5,0.0,0.0,1.23649767870154,-9.08288782647586,                377P    507
9.08103946570971,-1.25000000000016,0,0;                              377P    508
110,181.5,-1.25000000000016,-9.08103946570971,181.5,                 379P    509
-1.25000000000022,-24.8656922148185,0,0;                             379P    510
100,-181.5,0.0,0.0,24.8656922148185,1.25000000000021,                381P    511
1.23649767870155,24.8663673022952,0,0;                               381P    512
102,4,375,377,379,381,0,0;                                           383P    513
142,0,313,373,383,3,0,0;                                             385P    514
126,4,2,1,0,1,0,0.0,0.0,0.0,0.5,0.5,1.0,1.0,1.0,1.0,1.0,1.0,1.0,     387P    515
1.0,0.66680154005188,0.522960138633042,0.0,0.659073459519665,        387P    516
0.579103342078831,0.0,0.618970108444039,0.619147115057568,0.0,       387P    517
0.578866757368412,0.659190888036305,0.0,0.522712126497941,           387P    518
0.666835490947427,0.0,0.0,1.0,0.0,0.0,1.0,0,0;                       387P    519
126,1,1,1,0,1,0,0.0,0.0,1.0,1.0,1.0,1.0,0.522712126497941,           389P    520
0.666835490947427,0.0,0.522712126497941,0.956748192448735,0.0,       389P    521
0.0,1.0,0.0,0.0,1.0,0,0;                                             389P    522
126,8,2,1,0,1,0,0.0,0.0,0.0,0.25,0.25,0.5,0.5,0.75,0.75,1.0,1.0,     391P    523
1.0,1.0,1.0,1.0,1.0,1.0,1.0,1.0,1.0,1.0,0.522712126497941,           391P    524
0.956748192448735,0.0,0.607649319031685,0.952524630553801,0.0,       391P    525
0.685390054141567,0.918049374859755,0.0,0.763130789251449,           391P    526
0.883574119165708,0.0,0.82328098557494,0.823456575695935,0.0,        391P    527
0.883431181898432,0.763339032226162,0.0,0.917948645935887,           391P    528
0.685617028732828,0.0,0.952466109973342,0.607895025239495,0.0,       391P    529
0.956735792367093,0.522960138633041,0.0,0.0,1.0,0.0,0.0,1.0,0,0;     391P    530
126,1,1,1,0,1,0,0.0,0.0,1.0,1.0,1.0,1.0,0.956735792367093,           393P    531
0.522960138633041,0.0,0.66680154005188,0.522960138633042,0.0,        393P    532
0.0,1.0,0.0,0.0,1.0,0,0;                                             393P    533
102,4,387,389,391,393,0,0;                                           395P    534
100,181.5,0.0,0.0,9.08103946570975,1.24999999999984,                 397P    535
1.23649767870155,9.08288782647586,0,0;                               397P    536
110,181.5,9.08288782647586,-1.23649767870154,181.5,                  399P    537
24.8663673022952,-1.23649767870154,0,0;                              399P    538
100,-181.5,0.0,0.0,1.23649767870154,-24.8663673022952,               401P    539
24.8656922148186,-1.24999999999978,0,0;                              401P    540
110,181.5,1.24999999999978,-24.8656922148186,181.5,                  403P    541
1.24999999999984,-9.08103946570976,0,0;                              403P    542
102,4,397,399,401,403,0,0;                                           405P    543
142,0,313,395,405,3,0,0;                                             407P    544
144,313,1,4,319,341,363,385,407,0,0;                                 409P    545
128,3,6,3,3,0,0,0,0,0,0.0,0.0,0.0,0.0,1.0,1.0,1.0,1.0,0.0,0.0,       411P    546
0.0,0.0,0.5,0.5,0.5,1.0,1.0,1.0,1.0,1.0,0.8820086679643,             411P    547
0.8820086679643,1.0,0.333333333333333,0.294002889321433,             411P    548
0.294002889321433,0.333333333333333,0.333333333333333,               411P    549
0.294002889321433,0.294002889321433,0.333333333333333,1.0,           411P    550
0.8820086679643,0.8820086679643,1.0,0.333333333333333,               411P    551
0.294002889321433,0.294002889321433,0.333333333333333,               411P    552
0.333333333333333,0.294002889321433,0.294002889321433,               411P    553
0.333333333333333,1.0,0.8820086679643,0.8820086679643,1.0,           411P    554
4.40048518476024,0.0,-18.910637613911,2.38792760802096,0.0,          411P    555
-17.9070078816202,1.30165085848638,0.0,-15.9378295091386,            411P    556
1.52616865806749,0.0,-13.7001404340211,4.40048518476024,             411P    557
37.8212752278219,-18.910637613911,2.38792760802096,                  411P    558
35.8140157632404,-17.9070078816202,1.30165085848638,                 411P    559
31.8756590182772,-15.9378295091386,1.52616865806749,                 411P    560
27.4002808680423,-13.7001404340211,4.40048518476024,                 411P    561
37.8212752278219,18.910637613911,2.38792760802096,                   411P    562
35.8140157632404,17.9070078816202,1.30165085848638,                  411P    563
31.8756590182772,15.9378295091386,1.52616865806749,                  411P    564
27.4002808680423,13.7001404340211,4.40048518476024,0.0,              411P    565
18.910637613911,2.38792760802096,0.0,17.9070078816202,               411P    566
1.30165085848638,0.0,15.9378295091386,1.52616865806749,0.0,          411P    567
13.7001404340211,4.40048518476024,-37.8212752278219,                 411P    568
18.910637613911,2.38792760802096,-35.8140157632404,                  411P    569
17.9070078816202,1.30165085848638,-31.8756590182772,                 411P    570
15.9378295091386,1.52616865806749,-27.4002808680423,                 411P    571
13.7001404340211,4.40048518476024,-37.8212752278219,                 411P    572
-18.910637613911,2.38792760802096,-35.8140157632404,                 411P    573
-17.9070078816202,1.30165085848638,-31.8756590182772,                411P    574
-15.9378295091386,1.52616865806749,-27.4002808680423,                411P    575
-13.7001404340211,4.40048518476024,0.0,-18.910637613911,             411P    576
2.38792760802096,0.0,-17.9070078816202,1.30165085848638,0.0,         411P    577
-15.9378295091386,1.52616865806749,0.0,-13.7001404340211,0.0,        411P    578
1.0,0.0,1.0,0,0;                                                     411P    579
126,1,1,1,0,1,0,0.0,0.0,1.0,1.0,1.0,1.0,0.0867455486541692,1.0,      413P    580
0.0,0.0867455486541692,0.0,0.0,0.0,1.0,0.0,0.0,1.0,0,0;              413P    581
126,1,1,1,0,1,0,0.0,0.0,1.0,1.0,1.0,1.0,0.0867455486541698,0.0,      415P    582
0.0,0.91325445134583,0.0,0.0,0.0,1.0,0.0,0.0,1.0,0,0;                415P    583
126,1,1,1,0,1,0,0.0,0.0,1.0,1.0,1.0,1.0,0.91325445134583,0.0,        417P    584
0.0,0.91325445134583,1.0,0.0,0.0,1.0,0.0,0.0,1.0,0,0;                417P    585
126,1,1,1,0,1,0,0.0,0.0,1.0,1.0,1.0,1.0,0.91325445134583,1.0,        419P    586
0.0,0.0867455486541698,1.0,0.0,0.0,1.0,0.0,0.0,1.0,0,0;              419P    587
102,4,413,415,417,419,0,0;                                           421P    588
100,-3.94418834417843,0.0,0.0,18.6538477393125,0.0,                  423P    589
18.6538477393125,-4.56887498514622E-15,0,0;                          423P    590
100,0.0,14.2230773783617,-6.73809523809524,18.6538477393124,         425P    591
-3.9441883441784,14.2230773783617,-1.5,0,0;                          425P    592
100,1.5,0.0,0.0,14.2230773783617,0.0,14.2230773783617,               427P    593
-3.48364923708715E-15,0,0;                                           427P    594
100,0.0,14.2230773783617,6.73809523809524,14.2230773783617,1.5,      429P    595
18.6538477393124,3.9441883441784,0,0;                                429P    596
102,4,423,425,427,429,0,0;                                           431P    597
142,0,411,421,431,3,0,0;                                             433P    598
144,411,1,0,433,0,0;                                                 435P    599
128,1,1,1,1,0,0,1,0,0,0.0,0.0,1.0,1.0,0.0,0.0,1.0,1.0,1.0,1.0,       437P    600
1.0,1.0,164.595238095238,-1.25,27.4886375643317,                     437P    601
164.595238095238,1.25,27.4886375643317,114.595238095238,-1.25,       437P    602
27.4886375643317,114.595238095238,1.25,27.4886375643317,0.0,1.0,     437P    603
0.0,1.0,0,0;                                                         437P    604
126,1,1,1,0,1,0,0.0,0.0,1.0,1.0,1.0,1.0,0.534543695308137,1.0,       439P    605
0.0,1.0,1.0,0.0,0.0,1.0,0.0,0.0,1.0,0,0;                             439P    606
126,1,1,1,0,1,0,0.0,0.0,1.0,1.0,1.0,1.0,1.0,1.0,0.0,1.0,0.0,0.0,     441P    607
0.0,1.0,0.0,0.0,1.0,0,0;                                             441P    608
126,1,1,1,0,1,0,0.0,0.0,1.0,1.0,1.0,1.0,1.0,0.0,0.0,                 443P    609
0.500000000000002,0.0,0.0,0.0,1.0,0.0,0.0,1.0,0,0;                   443P    610
126,1,1,1,0,1,0,0.0,0.0,1.0,1.0,1.0,1.0,0.500000000000002,0.0,       445P    611
0.0,0.0,0.0,0.0,0.0,1.0,0.0,0.0,1.0,0,0;                             445P    612
126,1,1,1,0,1,0,0.0,0.0,1.0,1.0,1.0,1.0,0.0,0.0,0.0,0.0,1.0,0.0,     447P    613
0.0,1.0,0.0,0.0,1.0,0,0;                                             447P    614
126,1,1,1,0,1,0,0.0,0.0,1.0,1.0,1.0,1.0,0.0,1.0,0.0,                 449P    615
0.465456304691897,1.0,0.0,0.0,1.0,0.0,0.0,1.0,0,0;                   449P    616
126,1,1,1,0,1,0,0.0,0.0,1.0,1.0,1.0,1.0,0.465456304691899,1.0,       451P    617
0.0,0.534543695308133,1.0,0.0,0.0,1.0,0.0,0.0,1.0,0,0;               451P    618
102,7,439,441,443,445,447,449,451,0,0;                               453P    619
110,114.595238095238,0.0863592382703414,27.4886375643317,            455P    620
114.595238095238,1.25,27.4886375643317,0,0;                          455P    621
110,114.595238095238,1.25,27.4886375643317,164.595238095238,         457P    622
1.25,27.4886375643317,0,0;                                           457P    623
110,164.595238095238,1.25,27.4886375643317,164.595238095238,         459P    624
4.11996825544492E-15,27.4886375643317,0,0;                           459P    625
110,164.595238095238,4.21884749357559E-15,27.4886375643317,          461P    626
164.595238095238,-1.25,27.4886375643317,0,0;                         461P    627
110,164.595238095238,-1.25,27.4886375643317,114.595238095238,        463P    628
-1.25,27.4886375643317,0,0;                                          463P    629
110,114.595238095238,-1.25,27.4886375643317,114.595238095238,        465P    630
-0.0863592382702579,27.4886375643317,0,0;                            465P    631
126,2,2,0,0,1,0,0.0,0.0,0.0,1.0,1.0,1.0,1.0,1.0,1.0,                 467P    632
114.595238095238,-0.0863592382702534,27.4886375643317,               467P    633
114.596228799138,-5.2583805365547E-13,27.4886375643317,              467P    634
114.595238095238,0.0863592382703323,27.4886375643317,0.0,1.0,        467P    635
0.0,0.0,0.0,0,0;                                                     467P    636
102,7,455,457,459,461,463,465,467,0,0;                               469P    637
142,0,437,453,469,3,0,0;                                             471P    638
144,437,1,0,471,0,0;                                                 473P    639
124,-0.964341036335879,-6.20081171803284E-16,-0.264662739422541,     475P    640
149.572781629339,0.0,1.0,-2.34291072916505E-15,0.0,                  475P    641
0.264662739422541,-2.25936496060547E-15,-0.964341036335879,          475P    642
-41.0501478600174,0,0;                                               475P    643
128,1,1,1,1,0,0,1,0,0,0.0,0.0,1.0,1.0,0.0,0.0,1.0,1.0,1.0,1.0,       477P    644
1.0,1.0,114.595238095238,-1.25000000000008,27.4886375643317,         477P    645
114.595238095238,-0.079377393699879,27.4886375643317,                477P    646
164.595238095238,-1.25000000000008,13.7661716808847,                 477P    647
164.595238095238,-0.079377393699879,13.7661716808847,0.0,1.0,        477P    648
0.0,1.0,0,0;                                                         477P    649
126,1,1,1,0,1,0,0.0,0.0,1.0,1.0,1.0,1.0,0.99403578528827,0.0,        479P    650
0.0,0.0,0.0,0.0,0.0,1.0,0.0,0.0,1.0,0,0;                             479P    651
126,1,1,1,0,1,0,0.0,0.0,1.0,1.0,1.0,1.0,0.0,0.0,0.0,0.0,1.0,0.0,     481P    652
0.0,1.0,0.0,0.0,1.0,0,0;                                             481P    653
126,1,1,1,0,1,0,0.0,0.0,1.0,1.0,1.0,1.0,0.0,1.0,0.0,                 483P    654
0.292006187237168,1.0,0.0,0.0,1.0,0.0,0.0,1.0,0,0;                   483P    655
126,4,2,1,0,1,0,0.0,0.0,0.0,0.5,0.5,1.0,1.0,1.0,1.0,1.0,1.0,1.0,     485P    656
1.0,0.292006187237168,1.0,0.0,0.292127403957805,                     485P    657
0.611612195994484,0.0,0.493848539512555,0.324272266004858,0.0,       485P    658
0.695569675067652,0.0369323360147367,0.0,0.994035785288304,0.0,      485P    659
0.0,0.0,1.0,0.0,0.0,1.0,0,0;                                         485P    660
102,4,479,481,483,485,0,0;                                           487P    661
110,114.595238095238,-0.086359238270258,27.4886375643317,            489P    662
114.595238095238,-1.25000000000008,27.4886375643317,0,0;             489P    663
110,114.595238095238,-1.25,27.4886375643317,164.595238095238,        491P    664
-1.25,13.7661716808847,0,0;                                          491P    665
110,164.595238095238,-1.25000000000008,13.7661716808847,             493P    666
164.595238095238,-0.908170956040719,13.7661716808847,0,0;            493P    667
104,0.824774620206931,0.0,2715.04142825653,0.0,0.0,                  495P    668
-2239.29726283636,-56.837510875313,0.0210660581204536,               495P    669
-0.908170956040719,51.8699432872367,-0.0863592382701808,0,0;         495P    670
102,4,489,491,493,495,0,0;                                           497P    671
142,0,477,487,497,3,0,0;                                             499P    672
144,477,1,0,499,0,0;                                                 501P    673
128,1,1,1,1,0,0,1,0,0,0.0,0.0,1.0,1.0,0.0,0.0,1.0,1.0,1.0,1.0,       503P    674
1.0,1.0,114.19380952381,1.25,27.4886375643317,181.5,1.25,            503P    675
27.4886375643317,114.19380952381,1.25,8.97059387711801,181.5,        503P    676
1.25,8.97059387711801,0.0,1.0,0.0,1.0,0,0;                           503P    677
126,1,1,1,0,1,0,0.0,0.0,1.0,1.0,1.0,1.0,0.748837933254566,           505P    678
0.741032158430541,0.0,0.748837933254566,0.742480529370247,0.0,       505P    679
0.0,1.0,0.0,0.0,1.0,0,0;                                             505P    680
126,1,1,1,0,1,0,0.0,0.0,1.0,1.0,1.0,1.0,0.748837933254571,           507P    681
0.742480529370249,0.0,1.0,0.994035785288266,0.0,0.0,1.0,0.0,0.0,     507P    682
1.0,0,0;                                                             507P    683
126,1,1,1,0,1,0,0.0,0.0,1.0,1.0,1.0,1.0,1.0,0.99403578528827,        509P    684
0.0,1.0,0.141642680718173,0.0,0.0,1.0,0.0,0.0,1.0,0,0;               509P    685
126,1,1,1,0,1,0,0.0,0.0,1.0,1.0,1.0,1.0,1.0,0.141642680718173,       511P    686
0.0,0.748837933254568,0.109724869197592,0.0,0.0,1.0,0.0,0.0,1.0,     511P    687
0,0;                                                                 511P    688
126,1,1,1,0,1,0,0.0,0.0,1.0,1.0,1.0,1.0,0.748837933254568,           513P    689
0.109724869197592,0.0,0.748837933254568,0.0015355586057736,0.0,      513P    690
0.0,1.0,0.0,0.0,1.0,0,0;                                             513P    691
126,1,1,1,0,1,0,0.0,0.0,1.0,1.0,1.0,1.0,0.748837933254568,           515P    692
0.0015355586057736,0.0,0.748837933254568,0.0,0.0,0.0,1.0,0.0,        515P    693
0.0,1.0,0,0;                                                         515P    694
126,1,1,1,0,1,0,0.0,0.0,1.0,1.0,1.0,1.0,0.748837933254568,0.0,       517P    695
0.0,0.00596421471172997,0.0,0.0,0.0,1.0,0.0,0.0,1.0,0,0;             517P    696
126,1,1,1,0,1,0,0.0,0.0,1.0,1.0,1.0,1.0,0.00596421471172997,0.0,     519P    697
0.0,0.748837933254567,0.741032158430539,0.0,0.0,1.0,0.0,0.0,1.0,     519P    698
0,0;                                                                 519P    699
102,8,505,507,509,511,513,515,517,519,0,0;                           521P    700
110,164.595238095238,1.24999999999992,13.7661716808847,              523P    701
164.595238095238,1.24999999999992,13.7393506845479,0,0;              523P    702
126,3,3,0,0,1,0,0.0,0.0,0.0,0.0,1.0,1.0,1.0,1.0,1.0,1.0,1.0,1.0,     525P    703
164.595238095238,1.24999999999992,13.7393506845479,                  525P    704
170.23099337388,1.24999999999992,12.1896047996391,                   525P    705
175.866343910452,1.24999999999991,10.6383835682792,181.5,            525P    706
1.24999999999991,9.08103946570979,0.0,1.0,0.0,0.0,0.0,0,0;           525P    707
110,181.5,1.24999999999991,9.08103946570974,181.5,                   527P    708
1.24999999999997,24.8656922148186,0,0;                               527P    709
126,6,3,0,0,1,0,0.0,0.0,0.0,0.0,0.980828779388276,                   529P    710
0.980828779388276,0.980828779388276,1.0,1.0,1.0,1.0,1.0,1.0,1.0,     529P    711
1.0,1.0,1.0,1.0,181.5,1.24999999999997,24.8656922148186,             529P    712
175.973107869188,1.24999999999997,25.0589392544329,                  529P    713
170.446215540169,1.24999999999997,25.252180625354,                   529P    714
164.919323026203,1.24999999999997,25.4454167064,                     529P    715
164.811294715952,1.24999999999997,25.4491936872735,                  529P    716
164.70326640563,1.24999999999997,25.4529706661249,                   529P    717
164.595238095238,1.24999999999997,25.4567476429569,0.0,1.0,0.0,      529P    718
0.0,0.0,0,0;                                                         529P    719
110,164.595238095238,1.25,25.4567476429569,164.595238095238,         531P    720
1.25,27.4602020229857,0,0;                                           531P    721
110,164.595238095238,1.25,27.4602020229857,164.595238095238,         533P    722
1.25,27.4886375643317,0,0;                                           533P    723
110,164.595238095238,1.25,27.4886375643317,114.595238095238,         535P    724
1.25,27.4886375643317,0,0;                                           535P    725
110,114.595238095238,1.25,27.4886375643317,164.595238095238,         537P    726
1.25,13.7661716808847,0,0;                                           537P    727
102,8,523,525,527,529,531,533,535,537,0,0;                           539P    728
142,0,503,521,539,3,0,0;                                             541P    729
144,503,1,0,541,0,0;                                                 543P    730
128,1,1,1,1,0,0,1,0,0,0.0,0.0,1.0,1.0,0.0,0.0,1.0,1.0,1.0,1.0,       545P    731
1.0,1.0,114.19380952381,-1.25,27.4886375643317,114.19380952381,      545P    732
-1.25,8.97059387711799,181.5,-1.25,27.4886375643317,181.5,-1.25,     545P    733
8.97059387711799,0.0,1.0,0.0,1.0,0,0;                                545P    734
126,1,1,1,0,1,0,0.0,0.0,1.0,1.0,1.0,1.0,0.0,0.00596421471172997,     547P    735
0.0,0.741032158430538,0.748837933254565,0.0,0.0,1.0,0.0,0.0,1.0,     547P    736
0,0;                                                                 547P    737
126,1,1,1,0,1,0,0.0,0.0,1.0,1.0,1.0,1.0,0.74103215843054,            549P    738
0.748837933254565,0.0,0.742480529370246,0.748837933254565,0.0,       549P    739
0.0,1.0,0.0,0.0,1.0,0,0;                                             549P    740
126,1,1,1,0,1,0,0.0,0.0,1.0,1.0,1.0,1.0,0.742480529370249,           551P    741
0.748837933254571,0.0,0.994035785288266,1.0,0.0,0.0,1.0,0.0,0.0,     551P    742
1.0,0,0;                                                             551P    743
126,1,1,1,0,1,0,0.0,0.0,1.0,1.0,1.0,1.0,0.99403578528827,1.0,        553P    744
0.0,0.141642680718173,1.0,0.0,0.0,1.0,0.0,0.0,1.0,0,0;               553P    745
126,1,1,1,0,1,0,0.0,0.0,1.0,1.0,1.0,1.0,0.141642680718173,1.0,       555P    746
0.0,0.109724869197592,0.748837933254569,0.0,0.0,1.0,0.0,0.0,1.0,     555P    747
0,0;                                                                 555P    748
126,1,1,1,0,1,0,0.0,0.0,1.0,1.0,1.0,1.0,0.109724869197765,           557P    749
0.748837933254567,0.0,0.0015355586057736,0.748837933254567,0.0,      557P    750
0.0,1.0,0.0,0.0,1.0,0,0;                                             557P    751
126,1,1,1,0,1,0,0.0,0.0,1.0,1.0,1.0,1.0,0.0015355586057736,          559P    752
0.748837933254567,0.0,0.0,0.748837933254567,0.0,0.0,1.0,0.0,0.0,     559P    753
1.0,0,0;                                                             559P    754
126,1,1,1,0,1,0,0.0,0.0,1.0,1.0,1.0,1.0,0.0,0.748837933254567,       561P    755
0.0,0.0,0.00596421471172997,0.0,0.0,1.0,0.0,0.0,1.0,0,0;             561P    756
102,8,547,549,551,553,555,557,559,561,0,0;                           563P    757
110,114.595238095238,-1.25,27.4886375643317,164.595238095238,        565P    758
-1.25,13.7661716808847,0,0;                                          565P    759
110,164.595238095238,-1.25000000000008,13.7661716808847,             567P    760
164.595238095238,-1.25000000000008,13.7393506845479,0,0;             567P    761
126,3,3,0,0,1,0,0.0,0.0,0.0,0.0,1.0,1.0,1.0,1.0,1.0,1.0,1.0,1.0,     569P    762
164.595238095238,-1.25000000000008,13.7393506845479,                 569P    763
170.230991664559,-1.25000000000008,12.189605269676,                  569P    764
175.866339102852,-1.25000000000009,10.6383848972718,181.5,           569P    765
-1.25000000000009,9.08103946570974,0.0,1.0,0.0,0.0,0.0,0,0;          569P    766
110,181.5,-1.25000000000009,9.08103946570972,181.5,                  571P    767
-1.25000000000003,24.8656922148185,0,0;                              571P    768
126,3,3,0,0,1,0,0.0,0.0,0.0,0.0,1.0,1.0,1.0,1.0,1.0,1.0,1.0,1.0,     573P    769
181.5,-1.25000000000003,24.8656922148185,175.865079566426,           573P    770
-1.25000000000003,25.0627164495019,170.230158926825,                 573P    771
-1.25000000000003,25.2597347918444,164.595238095238,                 573P    772
-1.25000000000003,25.4567476429569,0.0,1.0,0.0,0.0,0.0,0,0;          573P    773
110,164.595238095238,-1.25,25.4567476429537,164.595238095238,        575P    774
-1.25,27.4602020229857,0,0;                                          575P    775
110,164.595238095238,-1.25,27.4602020229857,164.595238095238,        577P    776
-1.25,27.4886375643317,0,0;                                          577P    777
110,164.595238095238,-1.25,27.4886375643317,114.595238095238,        579P    778
-1.25,27.4886375643317,0,0;                                          579P    779
102,8,565,567,569,571,573,575,577,579,0,0;                           581P    780
142,0,545,563,581,3,0,0;                                             583P    781
144,545,1,0,583,0,0;                                                 585P    782
128,1,1,1,1,0,0,1,0,0,0.0,0.0,1.0,1.0,0.0,0.0,1.0,1.0,1.0,1.0,       587P    783
1.0,1.0,114.595238095238,0.0793773936999637,27.4886375643317,        587P    784
114.595238095238,1.25,27.4886375643317,164.595238095238,             587P    785
0.0793773936999637,13.7661716808847,164.595238095238,1.25,           587P    786
13.7661716808847,0.0,1.0,0.0,1.0,0,0;                                587P    787
126,1,1,1,0,1,0,0.0,0.0,1.0,1.0,1.0,1.0,0.707993812762857,1.0,       589P    788
0.0,1.0,1.0,0.0,0.0,1.0,0.0,0.0,1.0,0,0;                             589P    789
126,1,1,1,0,1,0,0.0,0.0,1.0,1.0,1.0,1.0,1.0,1.0,0.0,1.0,0.0,0.0,     591P    790
0.0,1.0,0.0,0.0,1.0,0,0;                                             591P    791
126,1,1,1,0,1,0,0.0,0.0,1.0,1.0,1.0,1.0,1.0,0.0,0.0,                 593P    792
0.00596421471172959,0.0,0.0,0.0,1.0,0.0,0.0,1.0,0,0;                 593P    793
126,4,2,1,0,1,0,0.0,0.0,0.0,0.5,0.5,1.0,1.0,1.0,1.0,1.0,1.0,1.0,     595P    794
1.0,0.00596421471169574,0.0,0.0,0.304430324932359,                   595P    795
0.0369323360147688,0.0,0.506151460487467,0.324272266004892,0.0,      595P    796
0.70787259604222,0.611612195994511,0.0,0.707993812762857,1.0,        595P    797
0.0,0.0,1.0,0.0,0.0,1.0,0,0;                                         595P    798
102,4,589,591,593,595,0,0;                                           597P    799
110,164.595238095238,0.908170956040719,13.7661716808847,             599P    800
164.595238095238,1.25,13.7661716808847,0,0;                          599P    801
110,164.595238095238,1.25,13.7661716808847,114.595238095238,         601P    802
1.25,27.4886375643317,0,0;                                           601P    803
110,114.595238095238,1.25,27.4886375643317,114.595238095238,         603P    804
0.0863592382703417,27.4886375643317,0,0;                             603P    805
104,0.824774620206931,0.0,2715.04142825653,0.0,0.0,                  605P    806
-2239.29726283636,-56.837510875313,51.8699432872362,                 605P    807
0.0863592382702625,0.0210660581204252,0.908170956040719,0,0;         605P    808
102,4,599,601,603,605,0,0;                                           607P    809
142,0,587,597,607,3,0,0;                                             609P    810
144,587,1,0,609,0,0;                                                 611P    811
128,1,1,1,1,0,0,1,0,0,0.0,0.0,1.0,1.0,0.0,0.0,1.0,1.0,1.0,1.0,       613P    812
1.0,1.0,114.295238095238,27.4886375643317,1.2499999999999,           613P    813
114.295238095238,13.683836885584,1.24999999999995,                   613P    814
164.595238095238,27.4886375643317,1.2499999999999,                   613P    815
164.595238095238,13.683836885584,1.24999999999995,0.0,1.0,0.0,       613P    816
1.0,0,0;                                                             613P    817
126,1,1,1,0,1,0,0.0,0.0,1.0,1.0,1.0,1.0,0.0,0.00596421471173006,     615P    818
0.0,0.99403578528827,1.0,0.0,0.0,1.0,0.0,0.0,1.0,0,0;                615P    819
126,1,1,1,0,1,0,0.0,0.0,1.0,1.0,1.0,1.0,0.99403578528827,1.0,        617P    820
0.0,0.00205982991045779,1.0,0.0,0.0,1.0,0.0,0.0,1.0,0,0;             617P    821
126,1,1,1,0,1,0,0.0,0.0,1.0,1.0,1.0,1.0,0.00205982991045779,1.0,     619P    822
0.0,0.0,1.0,0.0,0.0,1.0,0.0,0.0,1.0,0,0;                             619P    823
126,1,1,1,0,1,0,0.0,0.0,1.0,1.0,1.0,1.0,0.0,1.0,0.0,0.0,             621P    824
0.00596421471173006,0.0,0.0,1.0,0.0,0.0,1.0,0,0;                     621P    825
102,4,615,617,619,621,0,0;                                           623P    826
110,114.595238095238,27.4886375643317,1.2499999999999,               625P    827
164.595238095238,13.7661716808847,1.24999999999995,0,0;              625P    828
110,164.595238095238,13.7661716808847,1.24999999999995,              627P    829
164.595238095238,27.4602020229858,1.2499999999999,0,0;               627P    830
110,164.595238095238,27.4602020229858,1.2499999999999,               629P    831
164.595238095238,27.4886375643317,1.2499999999999,0,0;               629P    832
110,164.595238095238,27.4886375643317,1.2499999999999,               631P    833
114.595238095238,27.4886375643317,1.2499999999999,0,0;               631P    834
102,4,625,627,629,631,0,0;                                           633P    835
142,0,613,623,633,3,0,0;                                             635P    836
144,613,1,0,635,0,0;                                                 637P    837
128,1,1,1,1,0,0,1,0,0,0.0,0.0,1.0,1.0,0.0,0.0,1.0,1.0,1.0,1.0,       639P    838
1.0,1.0,114.295238095238,-27.4886375643317,1.25000000000003,         639P    839
164.595238095238,-27.4886375643317,1.25000000000003,                 639P    840
114.295238095238,-13.683836885584,1.25000000000002,                  639P    841
164.595238095238,-13.683836885584,1.25000000000002,0.0,1.0,0.0,      639P    842
1.0,0,0;                                                             639P    843
126,1,1,1,0,1,0,0.0,0.0,1.0,1.0,1.0,1.0,1.0,0.99403578528827,        641P    844
0.0,1.0,0.00205982991045779,0.0,0.0,1.0,0.0,0.0,1.0,0,0;             641P    845
126,1,1,1,0,1,0,0.0,0.0,1.0,1.0,1.0,1.0,1.0,0.00205982991045779,     643P    846
0.0,1.0,0.0,0.0,0.0,1.0,0.0,0.0,1.0,0,0;                             643P    847
126,1,1,1,0,1,0,0.0,0.0,1.0,1.0,1.0,1.0,1.0,0.0,0.0,                 645P    848
0.00596421471173006,0.0,0.0,0.0,1.0,0.0,0.0,1.0,0,0;                 645P    849
126,1,1,1,0,1,0,0.0,0.0,1.0,1.0,1.0,1.0,0.00596421471173006,0.0,     647P    850
0.0,1.0,0.99403578528827,0.0,0.0,1.0,0.0,0.0,1.0,0,0;                647P    851
102,4,641,643,645,647,0,0;                                           649P    852
110,164.595238095238,-13.7661716808847,1.25000000000002,             651P    853
164.595238095238,-27.4602020229857,1.25000000000003,0,0;             651P    854
110,164.595238095238,-27.4602020229857,1.25000000000003,             653P    855
164.595238095238,-27.4886375643317,1.25000000000003,0,0;             653P    856
110,164.595238095238,-27.4886375643317,1.25000000000003,             655P    857
114.595238095238,-27.4886375643317,1.25000000000003,0,0;             655P    858
110,114.595238095238,-27.4886375643317,1.25000000000003,             657P    859
164.595238095238,-13.7661716808847,1.25000000000002,0,0;             657P    860
102,4,651,653,655,657,0,0;                                           659P    861
142,0,639,649,659,3,0,0;                                             661P    862
144,639,1,0,661,0,0;                                                 663P    863
128,1,1,1,1,0,0,1,0,0,0.0,0.0,1.0,1.0,0.0,0.0,1.0,1.0,1.0,1.0,       665P    864
1.0,1.0,114.595238095238,-27.4886375643317,-1.24999999999997,        665P    865
114.595238095238,-13.7661716808847,-1.24999999999998,                665P    866
164.595238095238,-27.4886375643317,-1.24999999999997,                665P    867
164.595238095238,-13.7661716808847,-1.24999999999998,0.0,1.0,        665P    868
0.0,1.0,0,0;                                                         665P    869
126,1,1,1,0,1,0,0.0,0.0,1.0,1.0,1.0,1.0,0.0,0.0,0.0,1.0,1.0,0.0,     667P    870
0.0,1.0,0.0,0.0,1.0,0,0;                                             667P    871
126,1,1,1,0,1,0,0.0,0.0,1.0,1.0,1.0,1.0,1.0,1.0,0.0,                 669P    872
0.148070320497267,1.0,0.0,0.0,1.0,0.0,0.0,1.0,0,0;                   669P    873
126,1,1,1,0,1,0,0.0,0.0,1.0,1.0,1.0,1.0,0.148070320497267,1.0,       671P    874
0.0,0.00207218888992054,1.0,0.0,0.0,1.0,0.0,0.0,1.0,0,0;             671P    875
126,1,1,1,0,1,0,0.0,0.0,1.0,1.0,1.0,1.0,0.00207218888992054,1.0,     673P    876
0.0,0.0,1.0,0.0,0.0,1.0,0.0,0.0,1.0,0,0;                             673P    877
126,1,1,1,0,1,0,0.0,0.0,1.0,1.0,1.0,1.0,0.0,1.0,0.0,0.0,0.0,0.0,     675P    878
0.0,1.0,0.0,0.0,1.0,0,0;                                             675P    879
102,5,667,669,671,673,675,0,0;                                       677P    880
110,114.595238095238,-27.4886375643317,-1.24999999999997,            679P    881
164.595238095238,-13.7661716808847,-1.24999999999998,0,0;            679P    882
110,164.595238095238,-13.7661716808847,-1.24999999999998,            681P    883
164.595238095238,-25.4567476429569,-1.24999999999997,0,0;            681P    884
110,164.595238095238,-25.4567476429569,-1.24999999999997,            683P    885
164.595238095238,-27.4602020229857,-1.24999999999997,0,0;            683P    886
110,164.595238095238,-27.4602020229857,-1.24999999999997,            685P    887
164.595238095238,-27.4886375643317,-1.24999999999997,0,0;            685P    888
110,164.595238095238,-27.4886375643317,-1.24999999999997,            687P    889
114.595238095238,-27.4886375643317,-1.24999999999997,0,0;            687P    890
102,5,679,681,683,685,687,0,0;                                       689P    891
142,0,665,677,689,3,0,0;                                             691P    892
144,665,1,0,691,0,0;                                                 693P    893
128,1,1,1,1,0,0,1,0,0,0.0,0.0,1.0,1.0,0.0,0.0,1.0,1.0,1.0,1.0,       695P    894
1.0,1.0,114.595238095238,-27.4886375643317,0.0793773937008435,       695P    895
114.595238095238,-27.4886375643317,1.25000000000004,                 695P    896
164.595238095238,-13.7661716808847,0.0793773937008274,               695P    897
164.595238095238,-13.7661716808847,1.25000000000002,0.0,1.0,0.0,     695P    898
1.0,0,0;                                                             695P    899
126,1,1,1,0,1,0,0.0,0.0,1.0,1.0,1.0,1.0,0.707993812762662,1.0,       697P    900
0.0,1.0,1.0,0.0,0.0,1.0,0.0,0.0,1.0,0,0;                             697P    901
126,1,1,1,0,1,0,0.0,0.0,1.0,1.0,1.0,1.0,1.0,1.0,0.0,1.0,0.0,0.0,     699P    902
0.0,1.0,0.0,0.0,1.0,0,0;                                             699P    903
126,1,1,1,0,1,0,0.0,0.0,1.0,1.0,1.0,1.0,1.0,0.0,0.0,                 701P    904
0.00596421471172961,0.0,0.0,0.0,1.0,0.0,0.0,1.0,0,0;                 701P    905
126,4,2,1,0,1,0,0.0,0.0,0.0,0.5,0.5,1.0,1.0,1.0,1.0,1.0,1.0,1.0,     703P    906
1.0,0.00596421471169357,0.0,0.0,0.304430324932329,                   703P    907
0.0369323360151003,0.0,0.506151460487371,0.324272266005198,0.0,      703P    908
0.707872596042034,0.611612195994757,0.0,0.707993812762663,1.0,       703P    909
0.0,0.0,1.0,0.0,0.0,1.0,0,0;                                         703P    910
102,4,697,699,701,703,0,0;                                           705P    911
110,164.595238095238,-13.7661716808847,0.908170956040761,            707P    912
164.595238095238,-13.7661716808847,1.25000000000002,0,0;             707P    913
110,164.595238095238,-13.7661716808847,1.25000000000002,             709P    914
114.595238095238,-27.4886375643317,1.25000000000003,0,0;             709P    915
110,114.595238095238,-27.4886375643317,1.25000000000004,             711P    916
114.595238095238,-27.4886375643317,0.0863592382712164,0,0;           711P    917
104,0.824774620206978,0.0,2715.04142825669,0.0,0.0,                  713P    918
-2239.29726283662,-56.837510875313,51.8699432872331,                 713P    919
0.0863592382711,0.0210660581189472,0.908170956040745,0,0;            713P    920
102,4,707,709,711,713,0,0;                                           715P    921
142,0,695,705,715,3,0,0;                                             717P    922
144,695,1,0,717,0,0;                                                 719P    923
128,1,1,1,1,0,0,1,0,0,0.0,0.0,1.0,1.0,0.0,0.0,1.0,1.0,1.0,1.0,       721P    924
1.0,1.0,164.595238095238,-13.7661716808847,-1.24999999999998,        721P    925
164.595238095238,-13.7661716808847,-1.23649767870154,                721P    926
164.595238095238,-25.5275544689003,-1.24999999999997,                721P    927
164.595238095238,-25.5275544689003,-1.23649767870152,0.0,1.0,        721P    928
0.0,1.0,0,0;                                                         721P    929
126,1,1,1,0,1,0,0.0,0.0,1.0,1.0,1.0,1.0,1.0,0.0,0.0,0.0,0.0,0.0,     723P    930
0.0,1.0,0.0,0.0,1.0,0,0;                                             723P    931
126,1,1,1,0,1,0,0.0,0.0,1.0,1.0,1.0,1.0,0.0,0.0,0.0,0.0,             725P    932
0.993979719288146,0.0,0.0,1.0,0.0,0.0,1.0,0,0;                       725P    933
126,2,2,1,0,1,0,0.0,0.0,0.0,1.0,1.0,1.0,1.0,1.0,1.0,0.0,             727P    934
0.993979719288146,0.0,0.499993523874221,0.99400790451458,0.0,        727P    935
1.0,0.994035785288271,0.0,0.0,1.0,0.0,0.0,1.0,0,0;                   727P    936
126,1,1,1,0,1,0,0.0,0.0,1.0,1.0,1.0,1.0,1.0,0.99403578528827,        729P    937
0.0,1.0,0.0,0.0,0.0,1.0,0.0,0.0,1.0,0,0;                             729P    938
102,4,723,725,727,729,0,0;                                           731P    939
110,164.595238095238,-13.7661716808847,-1.23649767870154,            733P    940
164.595238095238,-13.7661716808847,-1.24999999999998,0,0;            733P    941
110,164.595238095238,-13.7661716808847,-1.24999999999998,            735P    942
164.595238095238,-25.4567476429569,-1.24999999999997,0,0;            735P    943
110,164.595238095238,-25.4574070566458,-1.23649767870154,            737P    944
164.595238095238,-13.7661716808847,-1.23649767870154,0,0;            737P    945
102,3,733,735,737,0,0;                                               739P    946
142,0,721,731,739,3,0,0;                                             741P    947
144,721,1,0,741,0,0;                                                 743P    948
128,1,1,1,1,0,0,1,0,0,0.0,0.0,1.0,1.0,0.0,0.0,1.0,1.0,1.0,1.0,       745P    949
1.0,1.0,164.595238095238,27.4600314097377,1.2499999999999,           745P    950
164.595238095238,27.4600314097377,-0.00749999997319605,              745P    951
164.595238095238,27.4886375643318,1.2499999999999,                   745P    952
164.595238095238,27.4886375643318,-0.00749999997319605,0.0,1.0,      745P    953
0.0,1.0,0,0;                                                         745P    954
126,1,1,1,0,1,0,0.0,0.0,1.0,1.0,1.0,1.0,0.0,0.00596421471167875,     747P    955
0.0,0.0,1.0,0.0,0.0,1.0,0.0,0.0,1.0,0,0;                             747P    956
126,1,1,1,0,1,0,0.0,0.0,1.0,1.0,1.0,1.0,0.0,1.0,0.0,                 749P    957
0.99403578528827,1.0,0.0,0.0,1.0,0.0,0.0,1.0,0,0;                    749P    958
126,1,1,1,0,1,0,0.0,0.0,1.0,1.0,1.0,1.0,0.994035785288272,1.0,       751P    959
0.0,0.0,0.00596421471180003,0.0,0.0,1.0,0.0,0.0,1.0,0,0;             751P    960
102,3,747,749,751,0,0;                                               753P    961
110,164.595238095238,27.4602020229858,1.2499999999999,               755P    962
164.595238095238,27.4886375643318,1.2499999999999,0,0;               755P    963
110,164.595238095238,27.4886375643317,1.2499999999999,               757P    964
164.595238095238,27.4886375643317,2.66434010270933E-11,0,0;          757P    965
100,164.595238095238,0.0,0.0,-2.66409833167807E-11,                  759P    966
27.4886375643317,-1.2499999999999,27.4602020229858,0,0;              759P    967
102,3,755,757,759,0,0;                                               761P    968
142,0,745,753,761,3,0,0;                                             763P    969
144,745,1,0,763,0,0;                                                 765P    970
128,1,1,1,1,0,0,1,0,0,0.0,0.0,1.0,1.0,0.0,0.0,1.0,1.0,1.0,1.0,       767P    971
1.0,1.0,114.595238095238,-0.0793773937007539,-27.4886375643317,      767P    972
114.595238095238,-1.25000000000021,-27.4886375643317,                767P    973
164.595238095238,-0.0793773937007218,-13.7661716808847,              767P    974
164.595238095238,-1.25000000000018,-13.7661716808847,0.0,1.0,        767P    975
0.0,1.0,0,0;                                                         767P    976
126,1,1,1,0,1,0,0.0,0.0,1.0,1.0,1.0,1.0,0.707993812762587,1.0,       769P    977
0.0,1.0,1.0,0.0,0.0,1.0,0.0,0.0,1.0,0,0;                             769P    978
126,1,1,1,0,1,0,0.0,0.0,1.0,1.0,1.0,1.0,1.0,1.0,0.0,1.0,0.0,0.0,     771P    979
0.0,1.0,0.0,0.0,1.0,0,0;                                             771P    980
126,1,1,1,0,1,0,0.0,0.0,1.0,1.0,1.0,1.0,1.0,0.0,0.0,                 773P    981
0.00596421471172958,0.0,0.0,0.0,1.0,0.0,0.0,1.0,0,0;                 773P    982
126,4,2,1,0,1,0,0.0,0.0,0.0,0.5,0.5,1.0,1.0,1.0,1.0,1.0,1.0,1.0,     775P    983
1.0,0.00596421471169057,0.0,0.0,0.304430324932244,                   775P    984
0.0369323360150461,0.0,0.506151460487303,0.324272266005186,0.0,      775P    985
0.70787259604195,0.611612195994739,0.0,0.707993812762587,1.0,        775P    986
0.0,0.0,1.0,0.0,0.0,1.0,0,0;                                         775P    987
102,4,769,771,773,775,0,0;                                           777P    988
110,164.595238095238,-0.908170956040752,-13.7661716808847,           779P    989
164.595238095238,-1.25000000000018,-13.7661716808847,0,0;            779P    990
110,164.595238095238,-1.25000000000003,-13.7661716808847,            781P    991
114.595238095238,-1.25000000000006,-27.4886375643317,0,0;            781P    992
110,114.595238095238,-1.25000000000021,-27.4886375643317,            783P    993
114.595238095238,-0.0863592382711283,-27.4886375643317,0,0;          783P    994
104,0.824774620206931,0.0,2715.04142825653,0.0,0.0,                  785P    995
-2239.29726283636,-56.837510875313,51.8699432872323,                 785P    996
0.0863592382709723,0.0210660581204252,0.908170956040719,0,0;         785P    997
102,4,779,781,783,785,0,0;                                           787P    998
142,0,767,777,787,3,0,0;                                             789P    999
144,767,1,0,789,0,0;                                                 791P   1000
124,-0.964341036335879,0.0,-0.264662739422541,149.572781629337,      793P   1001
0.264662739422541,-3.7364106986726E-15,-0.964341036335879,           793P   1002
-41.050147860017,-9.88888691118381E-16,-1.0,3.6031741653344E-15,     793P   1003
1.5338021164626E-13,0,0;                                             793P   1004
128,1,1,1,1,0,0,1,0,0,0.0,0.0,1.0,1.0,0.0,0.0,1.0,1.0,1.0,1.0,       795P   1005
1.0,1.0,114.595238095238,27.4886375643317,1.2499999999999,           795P   1006
114.595238095238,27.4886375643317,0.0793773937001875,                795P   1007
164.595238095238,13.7661716808847,1.24999999999995,                  795P   1008
164.595238095238,13.7661716808847,0.0793773937002387,0.0,1.0,        795P   1009
0.0,1.0,0,0;                                                         795P   1010
126,1,1,1,0,1,0,0.0,0.0,1.0,1.0,1.0,1.0,0.99403578528827,0.0,        797P   1011
0.0,0.0,0.0,0.0,0.0,1.0,0.0,0.0,1.0,0,0;                             797P   1012
126,1,1,1,0,1,0,0.0,0.0,1.0,1.0,1.0,1.0,0.0,0.0,0.0,0.0,1.0,0.0,     799P   1013
0.0,1.0,0.0,0.0,1.0,0,0;                                             799P   1014
126,1,1,1,0,1,0,0.0,0.0,1.0,1.0,1.0,1.0,0.0,1.0,0.0,                 801P   1015
0.292006187237202,1.0,0.0,0.0,1.0,0.0,0.0,1.0,0,0;                   801P   1016
126,4,2,1,0,1,0,0.0,0.0,0.0,0.5,0.5,1.0,1.0,1.0,1.0,1.0,1.0,1.0,     803P   1017
1.0,0.292006187237202,1.0,0.0,0.292127403957831,                     803P   1018
0.611612195994594,0.0,0.493848539512554,0.324272266004987,0.0,       803P   1019
0.695569675067614,0.0369323360149015,0.0,0.994035785288303,0.0,      803P   1020
0.0,0.0,1.0,0.0,0.0,1.0,0,0;                                         803P   1021
102,4,797,799,801,803,0,0;                                           805P   1022
110,114.595238095238,27.4886375643317,0.0863592382705636,            807P   1023
114.595238095238,27.4886375643317,1.2499999999999,0,0;               807P   1024
110,114.595238095238,27.4886375643317,1.2499999999999,               809P   1025
164.595238095238,13.7661716808847,1.24999999999995,0,0;              809P   1026
110,164.595238095238,13.7661716808847,1.24999999999995,              811P   1027
164.595238095238,13.7661716808847,0.908170956040694,0,0;             811P   1028
104,0.824774620206978,0.0,2715.04142825669,0.0,0.0,                  813P   1029
-2239.29726283662,-56.837510875313,0.0210660581189472,               813P   1030
-0.908170956040745,51.8699432872359,-0.0863592382705912,0,0;         813P   1031
102,4,807,809,811,813,0,0;                                           815P   1032
142,0,795,805,815,3,0,0;                                             817P   1033
144,795,1,0,817,0,0;                                                 819P   1034
128,1,1,1,1,0,0,1,0,0,0.0,0.0,1.0,1.0,0.0,0.0,1.0,1.0,1.0,1.0,       821P   1035
1.0,1.0,114.595238095238,-27.4886375643317,-1.24999999999997,        821P   1036
114.595238095238,-27.4886375643317,-0.079377393700593,               821P   1037
164.595238095238,-13.7661716808847,-1.24999999999998,                821P   1038
164.595238095238,-13.7661716808847,-0.0793773937006091,0.0,1.0,      821P   1039
0.0,1.0,0,0;                                                         821P   1040
126,1,1,1,0,1,0,0.0,0.0,1.0,1.0,1.0,1.0,0.99403578528827,0.0,        823P   1041
0.0,0.0,0.0,0.0,0.0,1.0,0.0,0.0,1.0,0,0;                             823P   1042
126,1,1,1,0,1,0,0.0,0.0,1.0,1.0,1.0,1.0,0.0,0.0,0.0,0.0,1.0,0.0,     825P   1043
0.0,1.0,0.0,0.0,1.0,0,0;                                             825P   1044
126,1,1,1,0,1,0,0.0,0.0,1.0,1.0,1.0,1.0,0.0,1.0,0.0,                 827P   1045
0.0115343076631035,1.0,0.0,0.0,1.0,0.0,0.0,1.0,0,0;                  827P   1046
126,1,1,1,0,1,0,0.0,0.0,1.0,1.0,1.0,1.0,0.0115343076631035,1.0,      829P   1047
0.0,0.292006187237286,1.0,0.0,0.0,1.0,0.0,0.0,1.0,0,0;               829P   1048
126,4,2,1,0,1,0,0.0,0.0,0.0,0.5,0.5,1.0,1.0,1.0,1.0,1.0,1.0,1.0,     831P   1049
1.0,0.292006187237286,1.0,0.0,0.292127403957915,                     831P   1050
0.611612195994699,0.0,0.4938485395126,0.324272266005123,0.0,         831P   1051
0.695569675067649,0.0369323360150293,0.0,0.994035785288305,0.0,      831P   1052
0.0,0.0,1.0,0.0,0.0,1.0,0,0;                                         831P   1053
102,5,823,825,827,829,831,0,0;                                       833P   1054
110,114.595238095238,-27.4886375643317,-0.086359238270967,           835P   1055
114.595238095238,-27.4886375643317,-1.24999999999997,0,0;            835P   1056
110,114.595238095238,-27.4886375643317,-1.24999999999997,            837P   1057
164.595238095238,-13.7661716808847,-1.24999999999998,0,0;            837P   1058
110,164.595238095238,-13.7661716808847,-1.24999999999998,            839P   1059
164.595238095238,-13.7661716808847,-1.23649767870154,0,0;            839P   1060
110,164.595238095238,-13.7661716808847,-1.23649767870154,            841P   1061
164.595238095238,-13.7661716808847,-0.908170956040729,0,0;           841P   1062
104,0.824774620206978,0.0,2715.04142825669,0.0,0.0,                  843P   1063
-2239.29726283662,-56.837510875313,0.0210660581189472,               843P   1064
-0.908170956040745,51.8699432872341,-0.086359238270918,0,0;          843P   1065
102,5,835,837,839,841,843,0,0;                                       845P   1066
142,0,821,833,845,3,0,0;                                             847P   1067
144,821,1,0,847,0,0;                                                 849P   1068
128,1,1,1,1,0,0,1,0,0,0.0,0.0,1.0,1.0,0.0,0.0,1.0,1.0,1.0,1.0,       851P   1069
1.0,1.0,114.19380952381,-1.25000000000006,-27.4886375643317,         851P   1070
181.5,-1.25000000000006,-27.4886375643317,114.19380952381,           851P   1071
-1.25000000000002,-8.97059387711798,181.5,-1.25000000000002,         851P   1072
-8.97059387711798,0.0,1.0,0.0,1.0,0,0;                               851P   1073
126,1,1,1,0,1,0,0.0,0.0,1.0,1.0,1.0,1.0,0.748837933254568,           853P   1074
0.74103215843054,0.0,0.748837933254568,0.742480529370246,0.0,        853P   1075
0.0,1.0,0.0,0.0,1.0,0,0;                                             853P   1076
126,1,1,1,0,1,0,0.0,0.0,1.0,1.0,1.0,1.0,0.748837933254568,           855P   1077
0.742480529370246,0.0,1.0,0.994035785288269,0.0,0.0,1.0,0.0,0.0,     855P   1078
1.0,0,0;                                                             855P   1079
126,1,1,1,0,1,0,0.0,0.0,1.0,1.0,1.0,1.0,1.0,0.99403578528827,        857P   1080
0.0,1.0,0.141642680718173,0.0,0.0,1.0,0.0,0.0,1.0,0,0;               857P   1081
126,1,1,1,0,1,0,0.0,0.0,1.0,1.0,1.0,1.0,1.0,0.141642680718173,       859P   1082
0.0,0.748837933254568,0.109724869197592,0.0,0.0,1.0,0.0,0.0,1.0,     859P   1083
0,0;                                                                 859P   1084
126,1,1,1,0,1,0,0.0,0.0,1.0,1.0,1.0,1.0,0.748837933254568,           861P   1085
0.109724869197592,0.0,0.748837933254568,0.00153555860577341,0.0,     861P   1086
0.0,1.0,0.0,0.0,1.0,0,0;                                             861P   1087
126,1,1,1,0,1,0,0.0,0.0,1.0,1.0,1.0,1.0,0.748837933254568,           863P   1088
0.00153555860577341,0.0,0.748837933254568,0.0,0.0,0.0,1.0,0.0,       863P   1089
0.0,1.0,0,0;                                                         863P   1090
126,1,1,1,0,1,0,0.0,0.0,1.0,1.0,1.0,1.0,0.748837933254568,0.0,       865P   1091
0.0,0.00596421471172997,0.0,0.0,0.0,1.0,0.0,0.0,1.0,0,0;             865P   1092
126,1,1,1,0,1,0,0.0,0.0,1.0,1.0,1.0,1.0,0.00596421471172997,0.0,     867P   1093
0.0,0.748837933254568,0.74103215843054,0.0,0.0,1.0,0.0,0.0,1.0,      867P   1094
0,0;                                                                 867P   1095
102,8,853,855,857,859,861,863,865,867,0,0;                           869P   1096
110,164.595238095238,-1.25000000000018,-13.7661716808847,            871P   1097
164.595238095238,-1.25000000000018,-13.7393506845479,0,0;            871P   1098
126,3,3,0,0,1,0,0.0,0.0,0.0,0.0,1.0,1.0,1.0,1.0,1.0,1.0,1.0,1.0,     873P   1099
164.595238095238,-1.25000000000018,-13.7393506845479,                873P   1100
170.230993375865,-1.25000000000017,-12.1896047990932,                873P   1101
175.866343905736,-1.25000000000017,-10.6383835695828,181.5,          873P   1102
-1.25000000000016,-9.08103946570975,0.0,1.0,0.0,0.0,0.0,0,0;         873P   1103
110,181.5,-1.25000000000016,-9.08103946570971,181.5,                 875P   1104
-1.25000000000022,-24.8656922148185,0,0;                             875P   1105
126,6,3,0,0,1,0,0.0,0.0,0.0,0.0,0.979430742837863,                   877P   1106
0.979430742837863,0.979430742837863,1.0,1.0,1.0,1.0,1.0,1.0,1.0,     877P   1107
1.0,1.0,1.0,1.0,181.5,-1.25000000000022,-24.8656922148185,           877P   1108
175.980985693913,-1.25000000000022,-25.0586638073515,                877P   1109
170.461971190183,-1.25000000000022,-25.2516297473314,                877P   1110
164.942956502015,-1.25000000000022,-25.4445904119833,                877P   1111
164.827050366504,-1.25000000000022,-25.4486428246347,                877P   1112
164.711144230912,-1.25000000000022,-25.4526952349581,                877P   1113
164.595238095238,-1.25000000000022,-25.4567476429569,0.0,1.0,        877P   1114
0.0,0.0,0.0,0,0;                                                     877P   1115
110,164.595238095238,-1.25000000000006,-25.4567476429569,            879P   1116
164.595238095238,-1.25000000000006,-27.4602020229857,0,0;            879P   1117
110,164.595238095238,-1.25000000000006,-27.4602020229857,            881P   1118
164.595238095238,-1.25000000000006,-27.4886375643317,0,0;            881P   1119
110,164.595238095238,-1.25000000000006,-27.4886375643317,            883P   1120
114.595238095238,-1.25000000000006,-27.4886375643317,0,0;            883P   1121
110,114.595238095238,-1.25000000000006,-27.4886375643317,            885P   1122
164.595238095238,-1.25000000000003,-13.7661716808847,0,0;            885P   1123
102,8,871,873,875,877,879,881,883,885,0,0;                           887P   1124
142,0,851,869,887,3,0,0;                                             889P   1125
144,851,1,0,889,0,0;                                                 891P   1126
128,1,1,1,1,0,0,1,0,0,0.0,0.0,1.0,1.0,0.0,0.0,1.0,1.0,1.0,1.0,       893P   1127
1.0,1.0,114.595238095238,1.24999999999994,-27.4886375643317,         893P   1128
114.595238095238,0.0793773936999297,-27.4886375643317,               893P   1129
164.595238095238,1.24999999999997,-13.7661716808847,                 893P   1130
164.595238095238,0.0793773936999618,-13.7661716808847,0.0,1.0,       893P   1131
0.0,1.0,0,0;                                                         893P   1132
126,1,1,1,0,1,0,0.0,0.0,1.0,1.0,1.0,1.0,0.99403578528827,0.0,        895P   1133
0.0,0.0,0.0,0.0,0.0,1.0,0.0,0.0,1.0,0,0;                             895P   1134
126,1,1,1,0,1,0,0.0,0.0,1.0,1.0,1.0,1.0,0.0,0.0,0.0,0.0,1.0,0.0,     897P   1135
0.0,1.0,0.0,0.0,1.0,0,0;                                             897P   1136
126,1,1,1,0,1,0,0.0,0.0,1.0,1.0,1.0,1.0,0.0,1.0,0.0,                 899P   1137
0.29200618723715,1.0,0.0,0.0,1.0,0.0,0.0,1.0,0,0;                    899P   1138
126,4,2,1,0,1,0,0.0,0.0,0.0,0.5,0.5,1.0,1.0,1.0,1.0,1.0,1.0,1.0,     901P   1139
1.0,0.29200618723715,1.0,0.0,0.292127403957788,                      901P   1140
0.611612195994519,0.0,0.493848539512538,0.324272266004904,0.0,       901P   1141
0.695569675067644,0.0369323360147803,0.0,0.994035785288305,0.0,      901P   1142
0.0,0.0,1.0,0.0,0.0,1.0,0,0;                                         901P   1143
102,4,895,897,899,901,0,0;                                           903P   1144
110,114.595238095238,0.0863592382703073,-27.4886375643317,           905P   1145
114.595238095238,1.24999999999994,-27.4886375643317,0,0;             905P   1146
110,114.595238095238,1.24999999999994,-27.4886375643317,             907P   1147
164.595238095238,1.24999999999997,-13.7661716808847,0,0;             907P   1148
110,164.595238095238,1.24999999999997,-13.7661716808847,             909P   1149
164.595238095238,0.908170956040687,-13.7661716808847,0,0;            909P   1150
104,0.824774620206931,0.0,2715.04142825653,0.0,0.0,                  911P   1151
-2239.29726283636,-56.837510875313,0.0210660581204252,               911P   1152
-0.908170956040719,51.8699432872361,-0.0863592382702924,0,0;         911P   1153
102,4,905,907,909,911,0,0;                                           913P   1154
142,0,893,903,913,3,0,0;                                             915P   1155
144,893,1,0,915,0,0;                                                 917P   1156
128,1,1,1,1,0,0,1,0,0,0.0,0.0,1.0,1.0,0.0,0.0,1.0,1.0,1.0,1.0,       919P   1157
1.0,1.0,114.595238095238,27.4886375643317,-1.2500000000001,          919P   1158
164.595238095238,27.4886375643317,-1.2500000000001,                  919P   1159
114.595238095238,13.7661716808847,-1.25000000000005,                 919P   1160
164.595238095238,13.7661716808847,-1.25000000000005,0.0,1.0,0.0,     919P   1161
1.0,0,0;                                                             919P   1162
126,1,1,1,0,1,0,0.0,0.0,1.0,1.0,1.0,1.0,1.0,1.0,0.0,1.0,             921P   1163
0.148070320497267,0.0,0.0,1.0,0.0,0.0,1.0,0,0;                       921P   1164
126,1,1,1,0,1,0,0.0,0.0,1.0,1.0,1.0,1.0,1.0,0.148070320497267,       923P   1165
0.0,1.0,0.00207218888992054,0.0,0.0,1.0,0.0,0.0,1.0,0,0;             923P   1166
126,1,1,1,0,1,0,0.0,0.0,1.0,1.0,1.0,1.0,1.0,0.00207218888992054,     925P   1167
0.0,1.0,0.0,0.0,0.0,1.0,0.0,0.0,1.0,0,0;                             925P   1168
126,1,1,1,0,1,0,0.0,0.0,1.0,1.0,1.0,1.0,1.0,0.0,0.0,0.0,0.0,0.0,     927P   1169
0.0,1.0,0.0,0.0,1.0,0,0;                                             927P   1170
126,1,1,1,0,1,0,0.0,0.0,1.0,1.0,1.0,1.0,0.0,0.0,0.0,1.0,1.0,0.0,     929P   1171
0.0,1.0,0.0,0.0,1.0,0,0;                                             929P   1172
102,5,921,923,925,927,929,0,0;                                       931P   1173
110,164.595238095238,13.7661716808847,-1.25000000000005,             933P   1174
164.595238095238,25.4567476429569,-1.2500000000001,0,0;              933P   1175
110,164.595238095238,25.4567476429569,-1.2500000000001,              935P   1176
164.595238095238,27.4602020229857,-1.2500000000001,0,0;              935P   1177
110,164.595238095238,27.4602020229857,-1.2500000000001,              937P   1178
164.595238095238,27.4886375643317,-1.2500000000001,0,0;              937P   1179
110,164.595238095238,27.4886375643317,-1.2500000000001,              939P   1180
114.595238095238,27.4886375643317,-1.2500000000001,0,0;              939P   1181
110,114.595238095238,27.4886375643317,-1.2500000000001,              941P   1182
164.595238095238,13.7661716808847,-1.25000000000005,0,0;             941P   1183
102,5,933,935,937,939,941,0,0;                                       943P   1184
142,0,919,931,943,3,0,0;                                             945P   1185
144,919,1,0,945,0,0;                                                 947P   1186
128,1,1,1,1,0,0,1,0,0,0.0,0.0,1.0,1.0,0.0,0.0,1.0,1.0,1.0,1.0,       949P   1187
1.0,1.0,114.19380952381,1.24999999999994,-27.4886375643317,          949P   1188
114.19380952381,1.24999999999998,-8.97059387711802,181.5,            949P   1189
1.24999999999994,-27.4886375643317,181.5,1.24999999999998,           949P   1190
-8.97059387711802,0.0,1.0,0.0,1.0,0,0;                               949P   1191
126,1,1,1,0,1,0,0.0,0.0,1.0,1.0,1.0,1.0,0.0,0.00596421471172997,     951P   1192
0.0,0.741032158430541,0.748837933254567,0.0,0.0,1.0,0.0,0.0,1.0,     951P   1193
0,0;                                                                 951P   1194
126,1,1,1,0,1,0,0.0,0.0,1.0,1.0,1.0,1.0,0.741032158430542,           953P   1195
0.748837933254567,0.0,0.742480529370246,0.748837933254567,0.0,       953P   1196
0.0,1.0,0.0,0.0,1.0,0,0;                                             953P   1197
126,1,1,1,0,1,0,0.0,0.0,1.0,1.0,1.0,1.0,0.742480529370246,           955P   1198
0.748837933254567,0.0,0.994035785288269,1.0,0.0,0.0,1.0,0.0,0.0,     955P   1199
1.0,0,0;                                                             955P   1200
126,1,1,1,0,1,0,0.0,0.0,1.0,1.0,1.0,1.0,0.99403578528827,1.0,        957P   1201
0.0,0.141642680718173,1.0,0.0,0.0,1.0,0.0,0.0,1.0,0,0;               957P   1202
126,1,1,1,0,1,0,0.0,0.0,1.0,1.0,1.0,1.0,0.141642680718173,1.0,       959P   1203
0.0,0.109724869197592,0.748837933254567,0.0,0.0,1.0,0.0,0.0,1.0,     959P   1204
0,0;                                                                 959P   1205
126,1,1,1,0,1,0,0.0,0.0,1.0,1.0,1.0,1.0,0.109724869197592,           961P   1206
0.748837933254567,0.0,0.00153555860577342,0.748837933254567,0.0,     961P   1207
0.0,1.0,0.0,0.0,1.0,0,0;                                             961P   1208
126,1,1,1,0,1,0,0.0,0.0,1.0,1.0,1.0,1.0,0.00153555860577342,         963P   1209
0.748837933254567,0.0,0.0,0.748837933254567,0.0,0.0,1.0,0.0,0.0,     963P   1210
1.0,0,0;                                                             963P   1211
126,1,1,1,0,1,0,0.0,0.0,1.0,1.0,1.0,1.0,0.0,0.748837933254567,       965P   1212
0.0,0.0,0.00596421471172997,0.0,0.0,1.0,0.0,0.0,1.0,0,0;             965P   1213
102,8,951,953,955,957,959,961,963,965,0,0;                           967P   1214
110,114.595238095238,1.24999999999994,-27.4886375643317,             969P   1215
164.595238095238,1.24999999999997,-13.7661716808847,0,0;             969P   1216
110,164.595238095238,1.24999999999982,-13.7661716808847,             971P   1217
164.595238095238,1.24999999999982,-13.739350684548,0,0;              971P   1218
126,3,3,0,0,1,0,0.0,0.0,0.0,0.0,1.0,1.0,1.0,1.0,1.0,1.0,1.0,1.0,     973P   1219
164.595238095238,1.24999999999982,-13.739350684548,                  973P   1220
170.230991644826,1.24999999999983,-12.1896052751022,                 973P   1221
175.86633907302,1.24999999999983,-10.6383849055187,181.5,            973P   1222
1.24999999999984,-9.08103946570976,0.0,1.0,0.0,0.0,0.0,0,0;          973P   1223
110,181.5,1.24999999999984,-9.08103946570975,181.5,                  975P   1224
1.24999999999978,-24.8656922148186,0,0;                              975P   1225
126,3,3,0,0,1,0,0.0,0.0,0.0,0.0,1.0,1.0,1.0,1.0,1.0,1.0,1.0,1.0,     977P   1226
181.5,1.24999999999978,-24.8656922148186,175.865079566426,           977P   1227
1.24999999999978,-25.0627164495019,170.230158926825,                 977P   1228
1.24999999999978,-25.2597347918444,164.595238095238,                 977P   1229
1.24999999999978,-25.4567476429569,0.0,1.0,0.0,0.0,0.0,0,0;          977P   1230
110,164.595238095238,1.24999999999994,-25.4567476429569,             979P   1231
164.595238095238,1.24999999999994,-27.4602020229858,0,0;             979P   1232
110,164.595238095238,1.24999999999994,-27.4602020229858,             981P   1233
164.595238095238,1.24999999999994,-27.4886375643317,0,0;             981P   1234
110,164.595238095238,1.24999999999994,-27.4886375643317,             983P   1235
114.595238095238,1.24999999999994,-27.4886375643317,0,0;             983P   1236
102,8,969,971,973,975,977,979,981,983,0,0;                           985P   1237
142,0,949,967,985,3,0,0;                                             987P   1238
144,949,1,0,987,0,0;                                                 989P   1239
128,1,1,1,1,0,0,1,0,0,0.0,0.0,1.0,1.0,0.0,0.0,1.0,1.0,1.0,1.0,       991P   1240
1.0,1.0,164.595238095238,1.24999999999994,-27.4600314097377,         991P   1241
164.595238095238,-0.00749999999999969,-27.4600314097377,             991P   1242
164.595238095238,1.24999999999994,-27.4886375643318,                 991P   1243
164.595238095238,-0.00749999999999969,-27.4886375643317,0.0,1.0,     991P   1244
0.0,1.0,0,0;                                                         991P   1245
126,1,1,1,0,1,0,0.0,0.0,1.0,1.0,1.0,1.0,0.0,0.00596421471180075,     993P   1246
0.0,0.0,1.0,0.0,0.0,1.0,0.0,0.0,1.0,0,0;                             993P   1247
126,1,1,1,0,1,0,0.0,0.0,1.0,1.0,1.0,1.0,0.0,1.0,0.0,                 995P   1248
0.99403578528827,1.0,0.0,0.0,1.0,0.0,0.0,1.0,0,0;                    995P   1249
126,1,1,1,0,1,0,0.0,0.0,1.0,1.0,1.0,1.0,0.99403578528827,1.0,        997P   1250
0.0,0.0,0.00596421471167947,0.0,0.0,1.0,0.0,0.0,1.0,0,0;             997P   1251
102,3,993,995,997,0,0;                                               999P   1252
110,164.595238095238,1.24999999999994,-27.4602020229858,            1001P   1253
164.595238095238,1.24999999999994,-27.4886375643318,0,0;            1001P   1254
110,164.595238095238,1.24999999999994,-27.4886375643317,            1003P   1255
164.595238095238,0.0,-27.4886375643317,0,0;                         1003P   1256
100,164.595238095238,0.0,0.0,27.4886375643317,                      1005P   1257
1.60936259978317E-17,27.4602020229858,1.24999999999994,0,0;         1005P   1258
102,3,1001,1003,1005,0,0;                                           1007P   1259
142,0,991,999,1007,3,0,0;                                           1009P   1260
144,991,1,0,1009,0,0;                                               1011P   1261
128,1,1,1,1,0,0,1,0,0,0.0,0.0,1.0,1.0,0.0,0.0,1.0,1.0,1.0,1.0,      1013P   1262
1.0,1.0,164.595238095238,1.24999999999994,-27.4886375643317,        1013P   1263
164.595238095238,-1.25000000000006,-27.4886375643317,               1013P   1264
114.595238095238,1.24999999999994,-27.4886375643317,                1013P   1265
114.595238095238,-1.25000000000006,-27.4886375643317,0.0,1.0,       1013P   1266
0.0,1.0,0,0;                                                        1013P   1267
126,1,1,1,0,1,0,0.0,0.0,1.0,1.0,1.0,1.0,0.534543695308426,1.0,      1015P   1268
0.0,1.0,1.0,0.0,0.0,1.0,0.0,0.0,1.0,0,0;                            1015P   1269
126,1,1,1,0,1,0,0.0,0.0,1.0,1.0,1.0,1.0,1.0,1.0,0.0,1.0,0.0,0.0,    1017P   1270
0.0,1.0,0.0,0.0,1.0,0,0;                                            1017P   1271
126,1,1,1,0,1,0,0.0,0.0,1.0,1.0,1.0,1.0,1.0,0.0,0.0,                1019P   1272
0.499999999999974,0.0,0.0,0.0,1.0,0.0,0.0,1.0,0,0;                  1019P   1273
126,1,1,1,0,1,0,0.0,0.0,1.0,1.0,1.0,1.0,0.499999999999974,0.0,      1021P   1274
0.0,0.0,0.0,0.0,0.0,1.0,0.0,0.0,1.0,0,0;                            1021P   1275
126,1,1,1,0,1,0,0.0,0.0,1.0,1.0,1.0,1.0,0.0,0.0,0.0,0.0,1.0,0.0,    1023P   1276
0.0,1.0,0.0,0.0,1.0,0,0;                                            1023P   1277
126,1,1,1,0,1,0,0.0,0.0,1.0,1.0,1.0,1.0,0.0,1.0,0.0,                1025P   1278
0.465456304691851,1.0,0.0,0.0,1.0,0.0,0.0,1.0,0,0;                  1025P   1279
126,1,1,1,0,1,0,0.0,0.0,1.0,1.0,1.0,1.0,0.46545630469185,1.0,       1027P   1280
0.0,0.534543695308424,1.0,0.0,0.0,1.0,0.0,0.0,1.0,0,0;              1027P   1281
102,7,1015,1017,1019,1021,1023,1025,1027,0,0;                       1029P   1282
110,114.595238095238,-0.0863592382711283,-27.4886375643317,         1031P   1283
114.595238095238,-1.25000000000006,-27.4886375643317,0,0;           1031P   1284
110,114.595238095238,-1.25000000000006,-27.4886375643317,           1033P   1285
164.595238095238,-1.25000000000006,-27.4886375643317,0,0;           1033P   1286
110,164.595238095238,-1.25000000000006,-27.4886375643317,           1035P   1287
164.595238095238,0.0,-27.4886375643317,0,0;                         1035P   1288
110,164.595238095238,0.0,-27.4886375643317,164.595238095238,        1037P   1289
1.24999999999994,-27.4886375643317,0,0;                             1037P   1290
110,164.595238095238,1.24999999999994,-27.4886375643317,            1039P   1291
114.595238095238,1.24999999999994,-27.4886375643317,0,0;            1039P   1292
110,114.595238095238,1.24999999999994,-27.4886375643317,            1041P   1293
114.595238095238,0.0863592382703074,-27.4886375643317,0,0;          1041P   1294
126,2,2,0,0,1,0,0.0,0.0,0.0,1.0,1.0,1.0,1.0,1.0,1.0,                1043P   1295
114.595238095238,0.0863592382703102,-27.4886375643317,              1043P   1296
114.596228799138,-7.50484743794466E-13,-27.4886375643317,           1043P   1297
114.595238095238,-0.0863592382711251,-27.4886375643317,0.0,1.0,     1043P   1298
0.0,0.0,0.0,0,0;                                                    1043P   1299
102,7,1031,1033,1035,1037,1039,1041,1043,0,0;                       1045P   1300
142,0,1013,1029,1045,3,0,0;                                         1047P   1301
144,1013,1,0,1047,0,0;                                              1049P   1302
128,1,1,1,1,0,0,1,0,0,0.0,0.0,1.0,1.0,0.0,0.0,1.0,1.0,1.0,1.0,      1051P   1303
1.0,1.0,114.595238095238,27.4886375643317,-0.0793773937000624,      1051P   1304
114.595238095238,27.4886375643317,-1.2500000000001,                 1051P   1305
164.595238095238,13.7661716808847,-0.0793773937000112,              1051P   1306
164.595238095238,13.7661716808847,-1.25000000000005,0.0,1.0,0.0,    1051P   1307
1.0,0,0;                                                            1051P   1308
126,1,1,1,0,1,0,0.0,0.0,1.0,1.0,1.0,1.0,0.707993812762956,1.0,      1053P   1309
0.0,0.988465692336845,1.0,0.0,0.0,1.0,0.0,0.0,1.0,0,0;              1053P   1310
126,1,1,1,0,1,0,0.0,0.0,1.0,1.0,1.0,1.0,0.988465692336845,1.0,      1055P   1311
0.0,1.0,1.0,0.0,0.0,1.0,0.0,0.0,1.0,0,0;                            1055P   1312
126,1,1,1,0,1,0,0.0,0.0,1.0,1.0,1.0,1.0,1.0,1.0,0.0,1.0,0.0,0.0,    1057P   1313
0.0,1.0,0.0,0.0,1.0,0,0;                                            1057P   1314
126,1,1,1,0,1,0,0.0,0.0,1.0,1.0,1.0,1.0,1.0,0.0,0.0,                1059P   1315
0.00596421471172957,0.0,0.0,0.0,1.0,0.0,0.0,1.0,0,0;                1059P   1316
126,4,2,1,0,1,0,0.0,0.0,0.0,0.5,0.5,1.0,1.0,1.0,1.0,1.0,1.0,1.0,    1061P   1317
1.0,0.00596421471169992,0.0,0.0,0.304430324932421,                  1061P   1318
0.0369323360147754,0.0,0.506151460487491,0.324272266004854,0.0,     1061P   1319
0.707872596042252,0.61161219599449,0.0,0.70799381276288,1.0,0.0,    1061P   1320
0.0,1.0,0.0,0.0,1.0,0,0;                                            1061P   1321
102,5,1053,1055,1057,1059,1061,0,0;                                 1063P   1322
110,164.595238095238,13.7661716808847,-0.908170956040886,           1065P   1323
164.595238095238,13.7661716808847,-1.23649767870154,0,0;            1065P   1324
110,164.595238095238,13.7661716808847,-1.23649767870154,            1067P   1325
164.595238095238,13.7661716808847,-1.25000000000005,0,0;            1067P   1326
110,164.595238095238,13.7661716808847,-1.25000000000005,            1069P   1327
114.595238095238,27.4886375643317,-1.2500000000001,0,0;             1069P   1328
110,114.595238095238,27.4886375643317,-1.2500000000001,             1071P   1329
114.595238095238,27.4886375643317,-0.0863592382704403,0,0;          1071P   1330
104,0.824774620206978,0.0,2715.04142825669,0.0,0.0,                 1073P   1331
-2239.29726283662,-56.837510875313,51.8699432872377,                1073P   1332
0.0863592382702681,0.0210660581189472,0.908170956040745,0,0;        1073P   1333
102,5,1065,1067,1069,1071,1073,0,0;                                 1075P   1334
142,0,1051,1063,1075,3,0,0;                                         1077P   1335
144,1051,1,0,1077,0,0;                                              1079P   1336
128,1,1,1,1,0,0,1,0,0,0.0,0.0,1.0,1.0,0.0,0.0,1.0,1.0,1.0,1.0,      1081P   1337
1.0,1.0,164.595238095238,-27.4886375643317,-1.24999999999997,       1081P   1338
164.595238095238,-27.4886375643317,1.25000000000003,                1081P   1339
114.595238095238,-27.4886375643317,-1.24999999999997,               1081P   1340
114.595238095238,-27.4886375643317,1.25000000000003,0.0,1.0,0.0,    1081P   1341
1.0,0,0;                                                            1081P   1342
126,1,1,1,0,1,0,0.0,0.0,1.0,1.0,1.0,1.0,0.534543695308474,1.0,      1083P   1343
0.0,1.0,1.0,0.0,0.0,1.0,0.0,0.0,1.0,0,0;                            1083P   1344
126,1,1,1,0,1,0,0.0,0.0,1.0,1.0,1.0,1.0,1.0,1.0,0.0,1.0,0.0,0.0,    1085P   1345
0.0,1.0,0.0,0.0,1.0,0,0;                                            1085P   1346
126,1,1,1,0,1,0,0.0,0.0,1.0,1.0,1.0,1.0,1.0,0.0,0.0,                1087P   1347
0.49999999998831,0.0,0.0,0.0,1.0,0.0,0.0,1.0,0,0;                   1087P   1348
126,1,1,1,0,1,0,0.0,0.0,1.0,1.0,1.0,1.0,0.49999999998831,0.0,       1089P   1349
0.0,0.0,0.0,0.0,0.0,1.0,0.0,0.0,1.0,0,0;                            1089P   1350
126,1,1,1,0,1,0,0.0,0.0,1.0,1.0,1.0,1.0,0.0,0.0,0.0,0.0,1.0,0.0,    1091P   1351
0.0,1.0,0.0,0.0,1.0,0,0;                                            1091P   1352
126,1,1,1,0,1,0,0.0,0.0,1.0,1.0,1.0,1.0,0.0,1.0,0.0,                1093P   1353
0.4654563046916,1.0,0.0,0.0,1.0,0.0,0.0,1.0,0,0;                    1093P   1354
126,1,1,1,0,1,0,0.0,0.0,1.0,1.0,1.0,1.0,0.4654563046916,1.0,0.0,    1095P   1355
0.534543695308472,1.0,0.0,0.0,1.0,0.0,0.0,1.0,0,0;                  1095P   1356
102,7,1083,1085,1087,1089,1091,1093,1095,0,0;                       1097P   1357
110,114.595238095238,-27.4886375643317,0.0863592382712164,          1099P   1358
114.595238095238,-27.4886375643317,1.25000000000003,0,0;            1099P   1359
110,114.595238095238,-27.4886375643317,1.25000000000003,            1101P   1360
164.595238095238,-27.4886375643317,1.25000000000003,0,0;            1101P   1361
110,164.595238095238,-27.4886375643317,1.25000000000003,            1103P   1362
164.595238095238,-27.4886375643317,-2.91934445367792E-11,0,0;       1103P   1363
110,164.595238095238,-27.4886375643317,-2.91935364771234E-11,       1105P   1364
164.595238095238,-27.4886375643317,-1.24999999999997,0,0;           1105P   1365
110,164.595238095238,-27.4886375643317,-1.24999999999997,           1107P   1366
114.595238095238,-27.4886375643317,-1.24999999999997,0,0;           1107P   1367
110,114.595238095238,-27.4886375643317,-1.24999999999997,           1109P   1368
114.595238095238,-27.4886375643317,-0.086359238270967,0,0;          1109P   1369
126,2,2,0,0,1,0,0.0,0.0,0.0,1.0,1.0,1.0,1.0,1.0,1.0,                1111P   1370
114.595238095238,-27.4886375643317,-0.0863592382709683,             1111P   1371
114.596228799138,-27.4886375643317,-3.93131707743244E-13,           1111P   1372
114.595238095238,-27.4886375643317,0.0863592382712123,0.0,1.0,      1111P   1373
0.0,0.0,0.0,0,0;                                                    1111P   1374
102,7,1099,1101,1103,1105,1107,1109,1111,0,0;                       1113P   1375
142,0,1081,1097,1113,3,0,0;                                         1115P   1376
144,1081,1,0,1115,0,0;                                              1117P   1377
128,1,1,1,1,0,0,1,0,0,0.0,0.0,1.0,1.0,0.0,0.0,1.0,1.0,1.0,1.0,      1119P   1378
1.0,1.0,164.595238095238,27.4886375643317,1.2499999999999,          1119P   1379
164.595238095238,27.4886375643317,-1.2500000000001,                 1119P   1380
114.595238095238,27.4886375643317,1.2499999999999,                  1119P   1381
114.595238095238,27.4886375643317,-1.2500000000001,0.0,1.0,0.0,     1119P   1382
1.0,0,0;                                                            1119P   1383
126,1,1,1,0,1,0,0.0,0.0,1.0,1.0,1.0,1.0,0.534543695308135,1.0,      1121P   1384
0.0,1.0,1.0,0.0,0.0,1.0,0.0,0.0,1.0,0,0;                            1121P   1385
126,1,1,1,0,1,0,0.0,0.0,1.0,1.0,1.0,1.0,1.0,1.0,0.0,1.0,0.0,0.0,    1123P   1386
0.0,1.0,0.0,0.0,1.0,0,0;                                            1123P   1387
126,1,1,1,0,1,0,0.0,0.0,1.0,1.0,1.0,1.0,1.0,0.0,0.0,                1125P   1388
0.499999999989302,0.0,0.0,0.0,1.0,0.0,0.0,1.0,0,0;                  1125P   1389
126,1,1,1,0,1,0,0.0,0.0,1.0,1.0,1.0,1.0,0.499999999989302,0.0,      1127P   1390
0.0,0.0,0.0,0.0,0.0,1.0,0.0,0.0,1.0,0,0;                            1127P   1391
126,1,1,1,0,1,0,0.0,0.0,1.0,1.0,1.0,1.0,0.0,0.0,0.0,0.0,1.0,0.0,    1129P   1392
0.0,1.0,0.0,0.0,1.0,0,0;                                            1129P   1393
126,1,1,1,0,1,0,0.0,0.0,1.0,1.0,1.0,1.0,0.0,1.0,0.0,                1131P   1394
0.465456304691733,1.0,0.0,0.0,1.0,0.0,0.0,1.0,0,0;                  1131P   1395
126,1,1,1,0,1,0,0.0,0.0,1.0,1.0,1.0,1.0,0.465456304691734,1.0,      1133P   1396
0.0,0.534543695308133,1.0,0.0,0.0,1.0,0.0,0.0,1.0,0,0;              1133P   1397
102,7,1121,1123,1125,1127,1129,1131,1133,0,0;                       1135P   1398
110,114.595238095238,27.4886375643317,-0.0863592382704403,          1137P   1399
114.595238095238,27.4886375643317,-1.2500000000001,0,0;             1137P   1400
110,114.595238095238,27.4886375643317,-1.2500000000001,             1139P   1401
164.595238095238,27.4886375643317,-1.2500000000001,0,0;             1139P   1402
110,164.595238095238,27.4886375643317,-1.2500000000001,             1141P   1403
164.595238095238,27.4886375643317,2.66434010270933E-11,0,0;         1141P   1404
110,164.595238095238,27.4886375643317,2.66433541895594E-11,         1143P   1405
164.595238095238,27.4886375643317,1.2499999999999,0,0;              1143P   1406
110,164.595238095238,27.4886375643317,1.2499999999999,              1145P   1407
114.595238095238,27.4886375643317,1.2499999999999,0,0;              1145P   1408
110,114.595238095238,27.4886375643317,1.2499999999999,              1147P   1409
114.595238095238,27.4886375643317,0.0863592382705635,0,0;           1147P   1410
126,2,2,0,0,1,0,0.0,0.0,0.0,1.0,1.0,1.0,1.0,1.0,1.0,                1149P   1411
114.595238095238,27.4886375643317,0.0863592382705613,               1149P   1412
114.596228799138,27.4886375643317,8.33100949337862E-13,             1149P   1413
114.595238095238,27.4886375643317,-0.0863592382704358,0.0,1.0,      1149P   1414
0.0,0.0,0.0,0,0;                                                    1149P   1415
102,7,1137,1139,1141,1143,1145,1147,1149,0,0;                       1151P   1416
142,0,1119,1135,1151,3,0,0;                                         1153P   1417
144,1119,1,0,1153,0,0;                                              1155P   1418
128,1,1,1,1,0,0,1,0,0,0.0,0.0,1.0,1.0,0.0,0.0,1.0,1.0,1.0,1.0,      1157P   1419
1.0,1.0,164.595238095238,-27.6174632351237,-27.6174632351237,       1157P   1420
164.595238095238,-27.6174632351237,-1.24999999999997,               1157P   1421
164.595238095238,-1.25000000000006,-27.6174632351237,               1157P   1422
164.595238095238,-1.25000000000006,-1.24999999999997,0.0,1.0,       1157P   1423
0.0,1.0,0,0;                                                        1157P   1424
126,8,2,1,0,1,0,0.0,0.0,0.0,0.25,0.25,0.5,0.5,0.75,0.75,1.0,1.0,    1159P   1425
1.0,1.0,1.0,1.0,1.0,1.0,1.0,1.0,1.0,1.0,1.0,0.0819462825414502,     1159P   1426
0.0,0.82023935909236,0.0907730503707928,0.0,0.655701556975011,      1159P   1427
0.163705289635957,0.0,0.491163754857663,0.236637528901122,0.0,      1159P   1428
0.363900641879395,0.36390064187939,0.0,0.236637528901126,           1159P   1429
0.491163754857657,0.0,0.163705289635961,0.655701556975005,0.0,      1159P   1430
0.0907730503707952,0.820239359092352,0.0,0.0819462825414505,1.0,    1159P   1431
0.0,0.0,1.0,0.0,0.0,1.0,0,0;                                        1159P   1432
126,1,1,1,0,1,0,0.0,0.0,1.0,1.0,1.0,1.0,0.0819462825414503,1.0,     1161P   1433
0.0,0.00596421471172958,1.0,0.0,0.0,1.0,0.0,0.0,1.0,0,0;            1161P   1434
126,8,2,1,0,1,0,0.0,0.0,0.0,0.25,0.25,0.5,0.5,0.75,0.75,1.0,1.0,    1163P   1435
1.0,1.0,1.0,1.0,1.0,1.0,1.0,1.0,1.0,1.0,0.00596421471172972,1.0,    1163P   1436
0.0,0.0148348220933587,0.805129063387115,0.0,0.0935653618706599,    1163P   1437
0.626649732040104,0.0,0.172295901647961,0.448170400693092,0.0,      1163P   1438
0.310233151170528,0.310233151170526,0.0,0.448170400693094,          1163P   1439
0.172295901647959,0.0,0.626649732040105,0.0935653618706586,0.0,     1163P   1440
0.805129063387117,0.0148348220933578,0.0,1.0,0.0059642147117296,    1163P   1441
0.0,0.0,1.0,0.0,0.0,1.0,0,0;                                        1163P   1442
126,1,1,1,0,1,0,0.0,0.0,1.0,1.0,1.0,1.0,1.0,0.00596421471172974,    1165P   1443
0.0,1.0,0.0819462825414502,0.0,0.0,1.0,0.0,0.0,1.0,0,0;             1165P   1444
102,4,1159,1161,1163,1165,0,0;                                      1167P   1445
100,164.595238095238,0.0,0.0,1.24999999999996,-25.4567476429569,    1169P   1446
25.4567476429569,-1.25000000000006,0,0;                             1169P   1447
110,164.595238095238,-1.25000000000006,-25.4567476429569,           1171P   1448
164.595238095238,-1.25000000000006,-27.4602020229857,0,0;           1171P   1449
100,-164.595238095238,0.0,0.0,27.4602020229857,1.25000000000007,    1173P   1450
1.24999999999997,27.4602020229858,0,0;                              1173P   1451
110,164.595238095238,-27.4602020229857,-1.24999999999997,           1175P   1452
164.595238095238,-25.4567476429569,-1.24999999999997,0,0;           1175P   1453
102,4,1169,1171,1173,1175,0,0;                                      1177P   1454
142,0,1157,1167,1177,3,0,0;                                         1179P   1455
144,1157,1,0,1179,0,0;                                              1181P   1456
128,3,1,3,1,0,0,0,0,0,0.0,0.0,0.0,0.0,1.0,1.0,1.0,1.0,0.0,0.0,      1183P   1457
1.0,1.0,1.0,0.823193435474361,0.823193435474361,1.0,1.0,            1183P   1458
0.823193435474361,0.823193435474361,1.0,164.595238095238,           1183P   1459
-1.02493685324022,-25.4668020176084,164.595238095238,               1183P   1460
-15.0143517623214,-24.9037840585544,164.595238095238,               1183P   1461
-24.9117441008419,-15.001140794353,164.595238095238,                1183P   1462
-25.4673420573932,-1.01142923080335,181.5,-1.00119776018715,        1183P   1463
-24.8769522322789,181.5,-14.6665965884387,-24.3269746236409,        1183P   1464
181.5,-24.3347502992681,-14.6536916065386,181.5,                    1183P   1465
-24.8774797639227,-0.988002994786245,0.0,1.0,0.0,1.0,0,0;           1183P   1466
126,1,1,1,0,1,0,0.0,0.0,1.0,1.0,1.0,1.0,0.993105847747649,0.0,      1185P   1467
0.0,0.00650455492394371,0.0,0.0,0.0,1.0,0.0,0.0,1.0,0,0;            1185P   1468
126,1,1,1,0,1,0,0.0,0.0,1.0,1.0,1.0,1.0,0.00650455492394372,0.0,    1187P   1469
0.0,0.007359674548354,1.0,0.0,0.0,1.0,0.0,0.0,1.0,0,0;              1187P   1470
126,1,1,1,0,1,0,0.0,0.0,1.0,1.0,1.0,1.0,0.007359674548354,1.0,      1189P   1471
0.0,0.992649582711948,1.0,0.0,0.0,1.0,0.0,0.0,1.0,0,0;              1189P   1472
126,1,1,1,0,1,0,0.0,0.0,1.0,1.0,1.0,1.0,0.992649582711948,1.0,      1191P   1473
0.0,0.993495445076056,0.0,0.0,0.0,1.0,0.0,0.0,1.0,0,0;              1191P   1474
126,1,1,1,0,1,0,0.0,0.0,1.0,1.0,1.0,1.0,0.993495445076057,0.0,      1193P   1475
0.0,0.993105847747649,0.0,0.0,0.0,1.0,0.0,0.0,1.0,0,0;              1193P   1476
102,5,1185,1187,1189,1191,1193,0,0;                                 1195P   1477
100,164.595238095238,0.0,0.0,1.24999999999996,-25.4567476429569,    1197P   1478
25.4567476429569,-1.25000000000022,0,0;                             1197P   1479
126,6,3,0,0,1,0,0.0,0.0,0.0,0.0,0.020569257162137,                  1199P   1480
0.020569257162137,0.020569257162137,1.0,1.0,1.0,1.0,1.0,1.0,1.0,    1199P   1481
1.0,1.0,1.0,1.0,164.595238095238,-1.25000000000022,                 1199P   1482
-25.4567476429569,164.711144230912,-1.25000000000022,               1199P   1483
-25.4526952349581,164.827050366504,-1.25000000000022,               1199P   1484
-25.4486428246347,164.942956502015,-1.25000000000022,               1199P   1485
-25.4445904119833,170.461971190183,-1.25000000000022,               1199P   1486
-25.2516297473314,175.980985693913,-1.25000000000022,               1199P   1487
-25.0586638073515,181.5,-1.25000000000022,-24.8656922148185,0.0,    1199P   1488
1.0,0.0,0.0,0.0,0,0;                                                1199P   1489
100,-181.5,0.0,0.0,24.8656922148185,1.25000000000021,               1201P   1490
1.23649767870155,24.8663673022952,0,0;                              1201P   1491
126,3,3,0,0,1,0,0.0,0.0,0.0,0.0,1.0,1.0,1.0,1.0,1.0,1.0,1.0,1.0,    1203P   1492
181.5,-24.8663673022952,-1.23649767870154,175.865079562079,         1203P   1493
-25.063386188195,-1.23649767870154,170.230158922579,                1203P   1494
-25.2603993088319,-1.23649767870154,164.595238095238,               1203P   1495
-25.4574070566458,-1.23649767870154,0.0,1.0,0.0,0.0,0.0,0,0;        1203P   1496
102,4,1197,1199,1201,1203,0,0;                                      1205P   1497
142,0,1183,1195,1205,3,0,0;                                         1207P   1498
144,1183,1,0,1207,0,0;                                              1209P   1499
128,1,6,1,3,0,0,0,0,0,0.0,0.0,1.0,1.0,0.0,0.0,0.0,0.0,0.5,0.5,      1211P   1500
0.5,1.0,1.0,1.0,1.0,1.0,1.0,0.333333333333333,0.333333333333333,    1211P   1501
0.333333333333333,0.333333333333333,1.0,1.0,0.333333333333333,      1211P   1502
0.333333333333333,0.333333333333333,0.333333333333333,1.0,1.0,      1211P   1503
164.595238095238,0.0,27.4886375643317,181.5,0.0,                    1211P   1504
26.8983102705427,164.595238095238,54.9772751286635,                 1211P   1505
27.4886375643317,181.5,53.7966205410855,26.8983102705427,           1211P   1506
164.595238095238,54.9772751286635,-27.4886375643317,181.5,          1211P   1507
53.7966205410855,-26.8983102705427,164.595238095238,0.0,            1211P   1508
-27.4886375643317,181.5,0.0,-26.8983102705427,164.595238095238,     1211P   1509
-54.9772751286635,-27.4886375643317,181.5,-53.7966205410855,        1211P   1510
-26.8983102705427,164.595238095238,-54.9772751286635,               1211P   1511
27.4886375643317,181.5,-53.7966205410855,26.8983102705427,          1211P   1512
164.595238095238,0.0,27.4886375643317,181.5,0.0,                    1211P   1513
26.8983102705427,0.0,1.0,0.0,1.0,0,0;                               1211P   1514
126,1,1,1,0,1,0,0.0,0.0,1.0,1.0,1.0,1.0,1.0,0.5,0.0,1.0,1.0,0.0,    1213P   1515
0.0,1.0,0.0,0.0,1.0,0,0;                                            1213P   1516
126,1,1,1,0,1,0,0.0,0.0,1.0,1.0,1.0,1.0,1.0,1.0,0.0,0.0,1.0,0.0,    1215P   1517
0.0,1.0,0.0,0.0,1.0,0,0;                                            1215P   1518
126,1,1,1,0,1,0,0.0,0.0,1.0,1.0,1.0,1.0,0.0,1.0,0.0,0.0,            1217P   1519
0.988878773928616,0.0,0.0,1.0,0.0,0.0,1.0,0,0;                      1217P   1520
126,1,1,1,0,1,0,0.0,0.0,1.0,1.0,1.0,1.0,0.0,0.988878773928616,      1219P   1521
0.0,0.0,0.755687108269201,0.0,0.0,1.0,0.0,0.0,1.0,0,0;              1219P   1522
126,1,1,1,0,1,0,0.0,0.0,1.0,1.0,1.0,1.0,0.0,0.755687108269201,      1221P   1523
0.0,0.0,0.749999999999867,0.0,0.0,1.0,0.0,0.0,1.0,0,0;              1221P   1524
126,1,1,1,0,1,0,0.0,0.0,1.0,1.0,1.0,1.0,0.0,0.749999999999867,      1223P   1525
0.0,0.0,0.7443128917308,0.0,0.0,1.0,0.0,0.0,1.0,0,0;                1223P   1526
126,1,1,1,0,1,0,0.0,0.0,1.0,1.0,1.0,1.0,0.0,0.7443128917308,0.0,    1225P   1527
0.0,0.511121226071385,0.0,0.0,1.0,0.0,0.0,1.0,0,0;                  1225P   1528
126,1,1,1,0,1,0,0.0,0.0,1.0,1.0,1.0,1.0,0.0,0.511121226071385,      1227P   1529
0.0,0.0,0.5,0.0,0.0,1.0,0.0,0.0,1.0,0,0;                            1227P   1530
126,1,1,1,0,1,0,0.0,0.0,1.0,1.0,1.0,1.0,0.0,0.5,0.0,0.0,            1229P   1531
0.488878773928617,0.0,0.0,1.0,0.0,0.0,1.0,0,0;                      1229P   1532
126,1,1,1,0,1,0,0.0,0.0,1.0,1.0,1.0,1.0,0.0,0.488878773928617,      1231P   1533
0.0,0.0,0.255687108269201,0.0,0.0,1.0,0.0,0.0,1.0,0,0;              1231P   1534
126,1,1,1,0,1,0,0.0,0.0,1.0,1.0,1.0,1.0,0.0,0.255687108269201,      1233P   1535
0.0,0.0,0.249999999999879,0.0,0.0,1.0,0.0,0.0,1.0,0,0;              1233P   1536
126,1,1,1,0,1,0,0.0,0.0,1.0,1.0,1.0,1.0,0.0,0.249999999999879,      1235P   1537
0.0,0.0,0.2443128917308,0.0,0.0,1.0,0.0,0.0,1.0,0,0;                1235P   1538
126,1,1,1,0,1,0,0.0,0.0,1.0,1.0,1.0,1.0,0.0,0.2443128917308,0.0,    1237P   1539
0.0,0.011121226071384,0.0,0.0,1.0,0.0,0.0,1.0,0,0;                  1237P   1540
126,1,1,1,0,1,0,0.0,0.0,1.0,1.0,1.0,1.0,0.0,0.011121226071384,      1239P   1541
0.0,0.0,0.0,0.0,0.0,1.0,0.0,0.0,1.0,0,0;                            1239P   1542
126,1,1,1,0,1,0,0.0,0.0,1.0,1.0,1.0,1.0,0.0,0.0,0.0,1.0,0.0,0.0,    1241P   1543
0.0,1.0,0.0,0.0,1.0,0,0;                                            1241P   1544
126,1,1,1,0,1,0,0.0,0.0,1.0,1.0,1.0,1.0,1.0,0.0,0.0,1.0,0.5,0.0,    1243P   1545
0.0,1.0,0.0,0.0,1.0,0,0;                                            1243P   1546
102,16,1213,1215,1217,1219,1221,1223,1225,1227,1229,1231,1233,      1245P   1547
1235,1237,1239,1241,1243,0,0;                                       1245P   1548
100,-181.5,0.0,0.0,26.8983102705427,0.0,-26.8983102705427,          1247P   1549
3.29409295752925E-15,0,0;                                           1247P   1550
110,181.5,0.0,26.8983102705427,164.595238095238,0.0,                1249P   1551
27.4886375643317,0,0;                                               1249P   1552
100,164.595238095238,0.0,0.0,-27.4886375643317,                     1251P   1553
3.36638720060806E-15,-27.4602020229858,-1.24999999999998,0,0;       1251P   1554
100,164.595238095238,0.0,0.0,-27.4602020229858,                     1253P   1555
-1.24999999999998,-1.25000000000005,-27.4602020229857,0,0;          1253P   1556
100,164.595238095238,0.0,0.0,-1.25000000000005,                     1255P   1557
-27.4602020229857,2.91950687664299E-11,-27.4886375643317,0,0;       1255P   1558
100,164.595238095238,0.0,0.0,2.91950687664299E-11,                  1257P   1559
-27.4886375643317,1.24999999999997,-27.4602020229858,0,0;           1257P   1560
100,164.595238095238,0.0,0.0,1.24999999999997,-27.4602020229858,    1259P   1561
27.4602020229857,-1.25000000000008,0,0;                             1259P   1562
100,164.595238095238,0.0,0.0,27.4602020229857,-1.25000000000008,    1261P   1563
27.4886375643317,-6.73277440121611E-15,0,0;                         1261P   1564
100,164.595238095238,0.0,0.0,27.4886375643317,0.0,                  1263P   1565
27.4602020229858,1.24999999999993,0,0;                              1263P   1566
100,164.595238095238,0.0,0.0,27.4602020229858,1.24999999999993,     1265P   1567
1.2500000000001,27.4602020229857,0,0;                               1265P   1568
100,164.595238095238,0.0,0.0,1.2500000000001,27.4602020229857,      1267P   1569
-2.66409833167807E-11,27.4886375643317,0,0;                         1267P   1570
100,164.595238095238,0.0,0.0,-2.66409833167807E-11,                 1269P   1571
27.4886375643317,-1.2499999999999,27.4602020229858,0,0;             1269P   1572
100,164.595238095238,0.0,0.0,-1.2499999999999,27.4602020229858,     1271P   1573
-27.4602020229857,1.25,0,0;                                         1271P   1574
100,164.595238095238,0.0,0.0,-27.4602020229857,1.25,                1273P   1575
-27.4886375643317,3.36638720060806E-15,0,0;                         1273P   1576
110,164.595238095238,0.0,27.4886375643317,181.5,0.0,                1275P   1577
26.8983102705427,0,0;                                               1275P   1578
100,-181.5,0.0,0.0,-26.8983102705427,3.29409295752925E-15,          1277P   1579
26.8983102705427,-6.58818591505851E-15,0,0;                         1277P   1580
102,16,1247,1249,1251,1253,1255,1257,1259,1261,1263,1265,1267,      1279P   1581
1269,1271,1273,1275,1277,0,0;                                       1279P   1582
142,0,1211,1245,1279,3,0,0;                                         1281P   1583
144,1211,1,0,1281,0,0;                                              1283P   1584
128,1,1,1,1,0,0,1,0,0,0.0,0.0,1.0,1.0,0.0,0.0,1.0,1.0,1.0,1.0,      1285P   1585
1.0,1.0,164.595238095238,-0.00749999999999579,27.4600314097377,     1285P   1586
164.595238095238,1.25,27.4600314097377,164.595238095238,            1285P   1587
-0.00749999999999579,27.4886375643317,164.595238095238,1.25,        1285P   1588
27.4886375643317,0.0,1.0,0.0,1.0,0,0;                               1285P   1589
126,1,1,1,0,1,0,0.0,0.0,1.0,1.0,1.0,1.0,0.00596421471172957,1.0,    1287P   1590
0.0,1.0,1.0,0.0,0.0,1.0,0.0,0.0,1.0,0,0;                            1287P   1591
126,1,1,1,0,1,0,0.0,0.0,1.0,1.0,1.0,1.0,1.0,1.0,0.0,1.0,            1289P   1592
0.00596421471180003,0.0,0.0,1.0,0.0,0.0,1.0,0,0;                    1289P   1593
126,1,1,1,0,1,0,0.0,0.0,1.0,1.0,1.0,1.0,1.0,0.00596421471180003,    1291P   1594
0.0,0.00596421471172897,1.0,0.0,0.0,1.0,0.0,0.0,1.0,0,0;            1291P   1595
102,3,1287,1289,1291,0,0;                                           1293P   1596
110,164.595238095238,4.11996825544492E-15,27.4886375643317,         1295P   1597
164.595238095238,1.25,27.4886375643317,0,0;                         1295P   1598
110,164.595238095238,1.25,27.4886375643317,164.595238095238,        1297P   1599
1.25,27.4602020229858,0,0;                                          1297P   1600
100,164.595238095238,0.0,0.0,-27.4602020229857,1.25,                1299P   1601
-27.4886375643317,3.36638720060806E-15,0,0;                         1299P   1602
102,3,1295,1297,1299,0,0;                                           1301P   1603
142,0,1285,1293,1301,3,0,0;                                         1303P   1604
144,1285,1,0,1303,0,0;                                              1305P   1605
128,1,1,1,1,0,0,1,0,0,0.0,0.0,1.0,1.0,0.0,0.0,1.0,1.0,1.0,1.0,      1307P   1606
1.0,1.0,164.595238095238,-27.4600314097377,-1.24999999999997,       1307P   1607
164.595238095238,-27.4600314097377,0.00749999997063126,             1307P   1608
164.595238095238,-27.4886375643317,-1.24999999999997,               1307P   1609
164.595238095238,-27.4886375643317,0.00749999997063126,0.0,1.0,     1307P   1610
0.0,1.0,0,0;                                                        1307P   1611
126,1,1,1,0,1,0,0.0,0.0,1.0,1.0,1.0,1.0,0.0,0.00596421471180003,    1309P   1612
0.0,0.0,1.0,0.0,0.0,1.0,0.0,0.0,1.0,0,0;                            1309P   1613
126,1,1,1,0,1,0,0.0,0.0,1.0,1.0,1.0,1.0,0.0,1.0,0.0,                1311P   1614
0.99403578528827,1.0,0.0,0.0,1.0,0.0,0.0,1.0,0,0;                   1311P   1615
126,1,1,1,0,1,0,0.0,0.0,1.0,1.0,1.0,1.0,0.994035785288269,1.0,      1313P   1616
0.0,0.0,0.00596421471192131,0.0,0.0,1.0,0.0,0.0,1.0,0,0;            1313P   1617
102,3,1309,1311,1313,0,0;                                           1315P   1618
110,164.595238095238,-27.4602020229858,-1.24999999999997,           1317P   1619
164.595238095238,-27.4886375643317,-1.24999999999997,0,0;           1317P   1620
110,164.595238095238,-27.4886375643317,-1.24999999999997,           1319P   1621
164.595238095238,-27.4886375643317,-2.91934445367792E-11,0,0;       1319P   1622
100,164.595238095238,0.0,0.0,2.91950687664299E-11,                  1321P   1623
-27.4886375643317,1.24999999999997,-27.4602020229858,0,0;           1321P   1624
102,3,1317,1319,1321,0,0;                                           1323P   1625
142,0,1307,1315,1323,3,0,0;                                         1325P   1626
144,1307,1,0,1325,0,0;                                              1327P   1627
128,1,1,1,1,0,0,1,0,0,0.0,0.0,1.0,1.0,0.0,0.0,1.0,1.0,1.0,1.0,      1329P   1628
1.0,1.0,164.595238095238,-27.4600314097377,-0.00750000002936878,    1329P   1629
164.595238095238,-27.4600314097377,1.25000000000003,                1329P   1630
164.595238095238,-27.4886375643317,-0.00750000002936878,            1329P   1631
164.595238095238,-27.4886375643317,1.25000000000003,0.0,1.0,0.0,    1329P   1632
1.0,0,0;                                                            1329P   1633
126,1,1,1,0,1,0,0.0,0.0,1.0,1.0,1.0,1.0,0.00596421471172961,1.0,    1331P   1634
0.0,1.0,1.0,0.0,0.0,1.0,0.0,0.0,1.0,0,0;                            1331P   1635
126,1,1,1,0,1,0,0.0,0.0,1.0,1.0,1.0,1.0,1.0,1.0,0.0,1.0,            1333P   1636
0.00596421471168019,0.0,0.0,1.0,0.0,0.0,1.0,0,0;                    1333P   1637
126,1,1,1,0,1,0,0.0,0.0,1.0,1.0,1.0,1.0,1.0,0.00596421471168019,    1335P   1638
0.0,0.00596421471172832,1.0,0.0,0.0,1.0,0.0,0.0,1.0,0,0;            1335P   1639
102,3,1331,1333,1335,0,0;                                           1337P   1640
110,164.595238095238,-27.4886375643317,-2.91934445367792E-11,       1339P   1641
164.595238095238,-27.4886375643317,1.25000000000003,0,0;            1339P   1642
110,164.595238095238,-27.4886375643317,1.25000000000003,            1341P   1643
164.595238095238,-27.4602020229857,1.25000000000003,0,0;            1341P   1644
100,164.595238095238,0.0,0.0,-1.25000000000005,                     1343P   1645
-27.4602020229857,2.91950687664299E-11,-27.4886375643317,0,0;       1343P   1646
102,3,1339,1341,1343,0,0;                                           1345P   1647
142,0,1329,1337,1345,3,0,0;                                         1347P   1648
144,1329,1,0,1347,0,0;                                              1349P   1649
128,1,1,1,1,0,0,1,0,0,0.0,0.0,1.0,1.0,0.0,0.0,1.0,1.0,1.0,1.0,      1351P   1650
1.0,1.0,164.595238095238,1.24999999999997,0.748858769639024,        1351P   1651
164.595238095238,1.24999999999997,27.6195142093874,                 1351P   1652
164.595238095238,27.6174632351237,0.748858769639024,                1351P   1653
164.595238095238,27.6174632351237,27.6195142093874,0.0,1.0,0.0,     1351P   1654
1.0,0,0;                                                            1351P   1655
126,8,2,1,0,1,0,0.0,0.0,0.0,0.25,0.25,0.5,0.5,0.75,0.75,1.0,1.0,    1353P   1656
1.0,1.0,1.0,1.0,1.0,1.0,1.0,1.0,1.0,1.0,0.994071146245059,0.0,      1353P   1657
0.0,0.985366653921351,0.194870936612886,0.0,0.908110458302519,      1353P   1658
0.373350267959897,0.0,0.830854262683687,0.551829599306908,0.0,      1353P   1659
0.695500089291985,0.689766848829475,0.0,0.560145915900284,          1353P   1660
0.827704098352042,0.0,0.385008870282841,0.906434638129342,0.0,      1353P   1661
0.209871824665398,0.985165177906643,0.0,0.0186501304921487,         1353P   1662
0.994035785288271,0.0,0.0,1.0,0.0,0.0,1.0,0,0;                      1353P   1663
126,1,1,1,0,1,0,0.0,0.0,1.0,1.0,1.0,1.0,0.0186501304921487,         1355P   1664
0.99403578528827,0.0,0.0186501304921506,0.474682436049143,0.0,      1355P   1665
0.0,1.0,0.0,0.0,1.0,0,0;                                            1355P   1666
126,1,1,1,0,1,0,0.0,0.0,1.0,1.0,1.0,1.0,0.0186501304921506,         1357P   1667
0.474682436049144,0.0,0.00592885375494071,0.474682436049143,0.0,    1357P   1668
0.0,1.0,0.0,0.0,1.0,0,0;                                            1357P   1669
126,1,1,1,0,1,0,0.0,0.0,1.0,1.0,1.0,1.0,0.00592885375494076,        1359P   1670
0.474682436049143,0.0,0.0191526236795159,0.4736183927824,0.0,       1359P   1671
0.0,1.0,0.0,0.0,1.0,0,0;                                            1359P   1672
126,1,1,1,0,1,0,0.0,0.0,1.0,1.0,1.0,1.0,0.0191526236795159,         1361P   1673
0.4736183927824,0.0,0.0191526236795159,0.918028436580554,0.0,       1361P   1674
0.0,1.0,0.0,0.0,1.0,0,0;                                            1361P   1675
126,8,2,1,0,1,0,0.0,0.0,0.0,0.25,0.25,0.5,0.5,0.75,0.75,1.0,1.0,    1363P   1676
1.0,1.0,1.0,1.0,1.0,1.0,1.0,1.0,1.0,1.0,0.0191526236795154,         1363P   1677
0.918028436580554,0.0,0.195477378023728,0.909109610452938,0.0,      1363P   1678
0.356846012282175,0.836138817298971,0.0,0.518214646540622,          1363P   1679
0.763168024145004,0.0,0.643015451554545,0.635918065017222,0.0,      1363P   1680
0.767816256568467,0.508668105889441,0.0,0.839334963712276,          1363P   1681
0.344181258673951,0.0,0.910853670856085,0.179694411458461,0.0,      1363P   1682
0.919511953428898,0.0,0.0,0.0,1.0,0.0,0.0,1.0,0,0;                  1363P   1683
126,1,1,1,0,1,0,0.0,0.0,1.0,1.0,1.0,1.0,0.919511953428898,0.0,      1365P   1684
0.0,0.994071146245059,0.0,0.0,0.0,1.0,0.0,0.0,1.0,0,0;              1365P   1685
102,7,1353,1355,1357,1359,1361,1363,1365,0,0;                       1367P   1686
100,-164.595238095238,0.0,0.0,-27.4602020229858,                    1369P   1687
-1.24999999999996,-1.2499999999999,-27.4602020229858,0,0;           1369P   1688
110,164.595238095238,27.4602020229858,1.2499999999999,              1371P   1689
164.595238095238,13.7661716808847,1.24999999999995,0,0;             1371P   1690
110,164.595238095238,13.7661716808847,1.24999999999995,             1373P   1691
164.595238095238,13.7661716808847,0.908170956040694,0,0;            1373P   1692
100,164.595238095238,0.0,0.0,-0.908170956040695,                    1375P   1693
13.7661716808847,-1.26350232129846,13.7381155591683,0,0;            1375P   1694
110,164.595238095238,13.7381155591683,1.26350232129846,             1377P   1695
164.595238095238,25.4560810503358,1.26350232129846,0,0;             1377P   1696
100,164.595238095238,0.0,0.0,-1.26350232129845,25.4560810503358,    1379P   1697
-25.4567476429569,1.24999999999997,0,0;                             1379P   1698
110,164.595238095238,1.25,25.4567476429569,164.595238095238,        1381P   1699
1.25,27.4602020229857,0,0;                                          1381P   1700
102,7,1369,1371,1373,1375,1377,1379,1381,0,0;                       1383P   1701
142,0,1351,1367,1383,3,0,0;                                         1385P   1702
144,1351,1,0,1385,0,0;                                              1387P   1703
128,1,1,1,1,0,0,1,0,0,0.0,0.0,1.0,1.0,0.0,0.0,1.0,1.0,1.0,1.0,      1389P   1704
1.0,1.0,164.595238095238,13.7661716808847,-1.2364976787015,         1389P   1705
164.595238095238,13.7661716808847,-1.25000000000005,                1389P   1706
164.595238095238,25.5275544689003,-1.23649767870154,                1389P   1707
164.595238095238,25.5275544689003,-1.2500000000001,0.0,1.0,0.0,     1389P   1708
1.0,0,0;                                                            1389P   1709
126,2,2,1,0,1,0,0.0,0.0,0.0,1.0,1.0,1.0,1.0,1.0,1.0,0.0,            1391P   1710
0.994035785288271,0.0,0.500006475937848,0.99400790451459,0.0,       1391P   1711
1.0,0.993979719288146,0.0,0.0,1.0,0.0,0.0,1.0,0,0;                  1391P   1712
126,1,1,1,0,1,0,0.0,0.0,1.0,1.0,1.0,1.0,1.0,0.993979719288146,      1393P   1713
0.0,1.0,0.0,0.0,0.0,1.0,0.0,0.0,1.0,0,0;                            1393P   1714
126,1,1,1,0,1,0,0.0,0.0,1.0,1.0,1.0,1.0,1.0,0.0,0.0,0.0,0.0,0.0,    1395P   1715
0.0,1.0,0.0,0.0,1.0,0,0;                                            1395P   1716
126,1,1,1,0,1,0,0.0,0.0,1.0,1.0,1.0,1.0,0.0,0.0,0.0,0.0,            1397P   1717
0.99403578528827,0.0,0.0,1.0,0.0,0.0,1.0,0,0;                       1397P   1718
102,4,1391,1393,1395,1397,0,0;                                      1399P   1719
110,164.595238095238,25.4567476429569,-1.2500000000001,             1401P   1720
164.595238095238,13.7661716808847,-1.25000000000005,0,0;            1401P   1721
110,164.595238095238,13.7661716808847,-1.25000000000005,            1403P   1722
164.595238095238,13.7661716808847,-1.2364976787015,0,0;             1403P   1723
110,164.595238095238,13.7661716808847,-1.23649767870154,            1405P   1724
164.595238095238,25.4574070566458,-1.23649767870154,0,0;            1405P   1725
102,3,1401,1403,1405,0,0;                                           1407P   1726
142,0,1389,1399,1407,3,0,0;                                         1409P   1727
144,1389,1,0,1409,0,0;                                              1411P   1728
128,1,1,1,1,0,0,1,0,0,0.0,0.0,1.0,1.0,0.0,0.0,1.0,1.0,1.0,1.0,      1413P   1729
1.0,1.0,164.595238095238,27.4600314097377,0.00750000002680377,      1413P   1730
164.595238095238,27.4600314097377,-1.2500000000001,                 1413P   1731
164.595238095238,27.4886375643318,0.00750000002680377,              1413P   1732
164.595238095238,27.4886375643317,-1.2500000000001,0.0,1.0,0.0,     1413P   1733
1.0,0,0;                                                            1413P   1734
126,1,1,1,0,1,0,0.0,0.0,1.0,1.0,1.0,1.0,0.00596421471172954,1.0,    1415P   1735
0.0,1.0,1.0,0.0,0.0,1.0,0.0,0.0,1.0,0,0;                            1415P   1736
126,1,1,1,0,1,0,0.0,0.0,1.0,1.0,1.0,1.0,1.0,1.0,0.0,1.0,            1417P   1737
0.00596421471167875,0.0,0.0,1.0,0.0,0.0,1.0,0,0;                    1417P   1738
126,1,1,1,0,1,0,0.0,0.0,1.0,1.0,1.0,1.0,1.0,0.00596421471167875,    1419P   1739
0.0,0.00596421471173146,1.0,0.0,0.0,1.0,0.0,0.0,1.0,0,0;            1419P   1740
102,3,1415,1417,1419,0,0;                                           1421P   1741
110,164.595238095238,27.4886375643317,2.66434010270933E-11,         1423P   1742
164.595238095238,27.4886375643317,-1.2500000000001,0,0;             1423P   1743
110,164.595238095238,27.4886375643317,-1.2500000000001,             1425P   1744
164.595238095238,27.4602020229857,-1.2500000000001,0,0;             1425P   1745
100,164.595238095238,0.0,0.0,1.2500000000001,27.4602020229857,      1427P   1746
-2.66409833167807E-11,27.4886375643317,0,0;                         1427P   1747
102,3,1423,1425,1427,0,0;                                           1429P   1748
142,0,1413,1421,1429,3,0,0;                                         1431P   1749
144,1413,1,0,1431,0,0;                                              1433P   1750
128,1,1,1,1,0,0,1,0,0,0.0,0.0,1.0,1.0,0.0,0.0,1.0,1.0,1.0,1.0,      1435P   1751
1.0,1.0,164.595238095238,-1.25,27.4600314097377,                    1435P   1752
164.595238095238,0.00750000000000425,27.4600314097377,              1435P   1753
164.595238095238,-1.25,27.4886375643317,164.595238095238,           1435P   1754
0.00750000000000425,27.4886375643317,0.0,1.0,0.0,1.0,0,0;           1435P   1755
126,1,1,1,0,1,0,0.0,0.0,1.0,1.0,1.0,1.0,0.0,0.00596421471180003,    1437P   1756
0.0,0.0,1.0,0.0,0.0,1.0,0.0,0.0,1.0,0,0;                            1437P   1757
126,1,1,1,0,1,0,0.0,0.0,1.0,1.0,1.0,1.0,0.0,1.0,0.0,                1439P   1758
0.99403578528827,1.0,0.0,0.0,1.0,0.0,0.0,1.0,0,0;                   1439P   1759
126,1,1,1,0,1,0,0.0,0.0,1.0,1.0,1.0,1.0,0.99403578528827,1.0,       1441P   1760
0.0,0.0,0.0059642147120426,0.0,0.0,1.0,0.0,0.0,1.0,0,0;             1441P   1761
102,3,1437,1439,1441,0,0;                                           1443P   1762
110,164.595238095238,-1.25,27.4602020229858,164.595238095238,       1445P   1763
-1.25,27.4886375643317,0,0;                                         1445P   1764
110,164.595238095238,-1.25,27.4886375643317,164.595238095238,       1447P   1765
4.11996825544492E-15,27.4886375643317,0,0;                          1447P   1766
100,164.595238095238,0.0,0.0,-27.4886375643317,                     1449P   1767
3.36638720060806E-15,-27.4602020229858,-1.24999999999999,0,0;       1449P   1768
102,3,1445,1447,1449,0,0;                                           1451P   1769
142,0,1435,1443,1451,3,0,0;                                         1453P   1770
144,1435,1,0,1453,0,0;                                              1455P   1771
128,1,1,1,1,0,0,1,0,0,0.0,0.0,1.0,1.0,0.0,0.0,1.0,1.0,1.0,1.0,      1457P   1772
1.0,1.0,164.595238095238,0.00750000000000034,-27.4600314097377,     1457P   1773
164.595238095238,-1.25000000000006,-27.4600314097377,               1457P   1774
164.595238095238,0.00750000000000034,-27.4886375643317,             1457P   1775
164.595238095238,-1.25000000000006,-27.4886375643317,0.0,1.0,       1457P   1776
0.0,1.0,0,0;                                                        1457P   1777
126,1,1,1,0,1,0,0.0,0.0,1.0,1.0,1.0,1.0,0.00596421471172959,1.0,    1459P   1778
0.0,1.0,1.0,0.0,0.0,1.0,0.0,0.0,1.0,0,0;                            1459P   1779
126,1,1,1,0,1,0,0.0,0.0,1.0,1.0,1.0,1.0,1.0,1.0,0.0,1.0,            1461P   1780
0.00596421471180075,0.0,0.0,1.0,0.0,0.0,1.0,0,0;                    1461P   1781
126,1,1,1,0,1,0,0.0,0.0,1.0,1.0,1.0,1.0,1.0,0.00596421471167947,    1463P   1782
0.0,0.00596421471172959,1.0,0.0,0.0,1.0,0.0,0.0,1.0,0,0;            1463P   1783
102,3,1459,1461,1463,0,0;                                           1465P   1784
110,164.595238095238,0.0,-27.4886375643317,164.595238095238,        1467P   1785
-1.25000000000006,-27.4886375643317,0,0;                            1467P   1786
110,164.595238095238,-1.25000000000006,-27.4886375643317,           1469P   1787
164.595238095238,-1.25000000000006,-27.4602020229857,0,0;           1469P   1788
100,164.595238095238,0.0,0.0,27.4602020229857,-1.25000000000008,    1471P   1789
27.4886375643317,-6.73277440121611E-15,0,0;                         1471P   1790
102,3,1467,1469,1471,0,0;                                           1473P   1791
142,0,1457,1465,1473,3,0,0;                                         1475P   1792
144,1457,1,0,1475,0,0;                                              1477P   1793
128,1,1,1,1,0,0,1,0,0,0.0,0.0,1.0,1.0,0.0,0.0,1.0,1.0,1.0,1.0,      1479P   1794
1.0,1.0,164.595238095238,-27.6174632351237,0.748858769639091,       1479P   1795
164.595238095238,-27.6174632351237,27.6195142093874,                1479P   1796
164.595238095238,-1.25,0.748858769639091,164.595238095238,-1.25,    1479P   1797
27.6195142093874,0.0,1.0,0.0,1.0,0,0;                               1479P   1798
126,1,1,1,0,1,0,0.0,0.0,1.0,1.0,1.0,1.0,0.994071146245059,1.0,      1481P   1799
0.0,0.919511953428779,1.0,0.0,0.0,1.0,0.0,0.0,1.0,0,0;              1481P   1800
126,8,2,1,0,1,0,0.0,0.0,0.0,0.25,0.25,0.5,0.5,0.75,0.75,1.0,1.0,    1483P   1801
1.0,1.0,1.0,1.0,1.0,1.0,1.0,1.0,1.0,1.0,0.919511953428779,1.0,      1483P   1802
0.0,0.910853670855395,0.820305588539104,0.0,0.839334963711538,      1483P   1803
0.655818741324354,0.0,0.767816256567546,0.491331894109296,0.0,      1483P   1804
0.643015451553686,0.364081934981904,0.0,0.518214646539825,          1483P   1805
0.236831975854511,0.0,0.35684601228162,0.163861182700779,0.0,       1483P   1806
0.195477378023414,0.0908903895470462,0.0,0.0191526236795134,        1483P   1807
0.0819715634194462,0.0,0.0,1.0,0.0,0.0,1.0,0,0;                     1483P   1808
126,1,1,1,0,1,0,0.0,0.0,1.0,1.0,1.0,1.0,0.0191526236795134,         1485P   1809
0.081971563419446,0.0,0.0191526236795134,0.526381607217601,0.0,     1485P   1810
0.0,1.0,0.0,0.0,1.0,0,0;                                            1485P   1811
126,1,1,1,0,1,0,0.0,0.0,1.0,1.0,1.0,1.0,0.0191526236795133,         1487P   1812
0.526381607217601,0.0,0.005928853754941,0.525317563950858,0.0,      1487P   1813
0.0,1.0,0.0,0.0,1.0,0,0;                                            1487P   1814
126,1,1,1,0,1,0,0.0,0.0,1.0,1.0,1.0,1.0,0.0059288537549407,         1489P   1815
0.525317563950857,0.0,0.018650130492151,0.525317563950857,0.0,      1489P   1816
0.0,1.0,0.0,0.0,1.0,0,0;                                            1489P   1817
126,1,1,1,0,1,0,0.0,0.0,1.0,1.0,1.0,1.0,0.0186501304921507,         1491P   1818
0.525317563950858,0.0,0.0186501304921513,0.00596421471172972,       1491P   1819
0.0,0.0,1.0,0.0,0.0,1.0,0,0;                                        1491P   1820
126,8,2,1,0,1,0,0.0,0.0,0.0,0.25,0.25,0.5,0.5,0.75,0.75,1.0,1.0,    1493P   1821
1.0,1.0,1.0,1.0,1.0,1.0,1.0,1.0,1.0,1.0,0.0186501304921519,         1493P   1822
0.00596421471172972,0.0,0.209871824665401,0.0148348220933585,       1493P   1823
0.0,0.385008870282844,0.0935653618706597,0.0,0.560145915900286,     1493P   1824
0.172295901647961,0.0,0.695500089291987,0.310233151170527,0.0,      1493P   1825
0.830854262683688,0.448170400693094,0.0,0.908110458302519,          1493P   1826
0.626649732040105,0.0,0.985366653921351,0.805129063387117,0.0,      1493P   1827
0.994071146245059,1.0,0.0,0.0,1.0,0.0,0.0,1.0,0,0;                  1493P   1828
102,7,1481,1483,1485,1487,1489,1491,1493,0,0;                       1495P   1829
110,164.595238095238,-1.25,27.4602020229857,164.595238095238,       1497P   1830
-1.25,25.4567476429537,0,0;                                         1497P   1831
100,164.595238095238,0.0,0.0,-25.4567476429569,                     1499P   1832
-1.25000000000016,-1.26350232129846,-25.4560810503358,0,0;          1499P   1833
110,164.595238095238,-25.4560810503358,1.26350232129846,            1501P   1834
164.595238095238,-13.7381155591683,1.26350232129846,0,0;            1501P   1835
100,164.595238095238,0.0,0.0,-1.26350232129846,                     1503P   1836
-13.7381155591683,-0.908170956040769,-13.7661716808847,0,0;         1503P   1837
110,164.595238095238,-13.7661716808847,0.908170956040761,           1505P   1838
164.595238095238,-13.7661716808847,1.25000000000002,0,0;            1505P   1839
110,164.595238095238,-13.7661716808847,1.25000000000002,            1507P   1840
164.595238095238,-27.4602020229857,1.25000000000003,0,0;            1507P   1841
100,-164.595238095238,0.0,0.0,-1.25000000000004,                    1509P   1842
27.4602020229857,-27.4602020229857,1.25,0,0;                        1509P   1843
102,7,1497,1499,1501,1503,1505,1507,1509,0,0;                       1511P   1844
142,0,1479,1495,1511,3,0,0;                                         1513P   1845
144,1479,1,0,1513,0,0;                                              1515P   1846
128,1,1,1,1,0,0,1,0,0,0.0,0.0,1.0,1.0,0.0,0.0,1.0,1.0,1.0,1.0,      1517P   1847
1.0,1.0,164.595238095238,1.24999999999978,-27.6174632351237,        1517P   1848
164.595238095238,1.24999999999978,-1.25000000000009,                1517P   1849
164.595238095238,27.6174632351237,-27.6174632351237,                1517P   1850
164.595238095238,27.6174632351237,-1.25000000000009,0.0,1.0,0.0,    1517P   1851
1.0,0,0;                                                            1517P   1852
126,8,2,1,0,1,0,0.0,0.0,0.0,0.25,0.25,0.5,0.5,0.75,0.75,1.0,1.0,    1519P   1853
1.0,1.0,1.0,1.0,1.0,1.0,1.0,1.0,1.0,1.0,0.0819462825414502,0.0,     1519P   1854
0.0,0.0907730503707916,0.179760640907641,0.0,0.163705289635956,     1519P   1855
0.344298443024989,0.0,0.23663752890112,0.508836245142338,0.0,       1519P   1856
0.363900641879389,0.636099358120607,0.0,0.491163754857658,          1519P   1857
0.763362471098876,0.0,0.655701556975008,0.836294710364041,0.0,      1519P   1858
0.820239359092357,0.909226949629207,0.0,1.0,0.918053717458551,      1519P   1859
0.0,0.0,1.0,0.0,0.0,1.0,0,0;                                        1519P   1860
126,1,1,1,0,1,0,0.0,0.0,1.0,1.0,1.0,1.0,1.0,0.918053717458551,      1521P   1861
0.0,1.0,0.99403578528827,0.0,0.0,1.0,0.0,0.0,1.0,0,0;               1521P   1862
126,8,2,1,0,1,0,0.0,0.0,0.0,0.25,0.25,0.5,0.5,0.75,0.75,1.0,1.0,    1523P   1863
1.0,1.0,1.0,1.0,1.0,1.0,1.0,1.0,1.0,1.0,1.0,0.99403578528827,       1523P   1864
0.0,0.805129063387116,0.985165177906641,0.0,0.626649732040104,      1523P   1865
0.90643463812934,0.0,0.448170400693092,0.827704098352039,0.0,       1523P   1866
0.310233151170526,0.689766848829474,0.0,0.172295901647959,          1523P   1867
0.551829599306908,0.0,0.0935653618706585,0.373350267959898,0.0,     1523P   1868
0.014834822093358,0.194870936612889,0.0,0.00596421471172974,0.0,    1523P   1869
0.0,0.0,1.0,0.0,0.0,1.0,0,0;                                        1523P   1870
126,1,1,1,0,1,0,0.0,0.0,1.0,1.0,1.0,1.0,0.00596421471172961,0.0,    1525P   1871
0.0,0.0819462825414502,0.0,0.0,0.0,1.0,0.0,0.0,1.0,0,0;             1525P   1872
102,4,1519,1521,1523,1525,0,0;                                      1527P   1873
100,164.595238095238,0.0,0.0,25.4567476429569,1.24999999999978,     1529P   1874
1.25000000000009,25.4567476429569,0,0;                              1529P   1875
110,164.595238095238,25.4567476429569,-1.2500000000001,             1531P   1876
164.595238095238,27.4602020229857,-1.2500000000001,0,0;             1531P   1877
100,-164.595238095238,0.0,0.0,1.25000000000009,                     1533P   1878
-27.4602020229857,27.4602020229858,-1.24999999999978,0,0;           1533P   1879
110,164.595238095238,1.24999999999994,-27.4602020229858,            1535P   1880
164.595238095238,1.24999999999994,-25.4567476429569,0,0;            1535P   1881
102,4,1529,1531,1533,1535,0,0;                                      1537P   1882
142,0,1517,1527,1537,3,0,0;                                         1539P   1883
144,1517,1,0,1539,0,0;                                              1541P   1884
128,1,3,1,3,0,0,0,0,0,0.0,0.0,1.0,1.0,0.0,0.0,0.0,0.0,1.0,1.0,      1543P   1885
1.0,1.0,1.0,1.0,0.803263490267911,0.803263490267911,                1543P   1886
0.803263490267911,0.803263490267911,1.0,1.0,114.595238095238,       1543P   1887
0.0,27.4887732185564,181.5,0.0,9.16666666666668,                    1543P   1888
114.595238095238,16.1824036761145,27.4887732185564,181.5,           1543P   1889
5.39633759516946,9.16666666666668,114.595238095238,                 1543P   1890
27.5893029247573,16.0104092990756,181.5,9.20019025462438,           1543P   1891
5.33898272122434,114.595238095238,27.4882371107976,                 1543P   1892
-0.171678775025731,181.5,9.16648789109589,-0.0572496303087176,      1543P   1893
0.0,1.0,0.0,1.0,0,0;                                                1543P   1894
126,1,1,1,0,1,0,0.0,0.0,1.0,1.0,1.0,1.0,0.747330960854095,          1545P   1895
0.04582501255114,0.0,0.747330960854095,0.0628137929930423,0.0,      1545P   1896
0.0,1.0,0.0,0.0,1.0,0,0;                                            1545P   1897
126,2,2,1,0,1,0,0.0,0.0,0.0,1.0,1.0,1.0,1.0,1.0,1.0,                1547P   1898
0.747330960854098,0.0628137929930426,0.0,0.89888687441065,          1547P   1899
0.0752735963543131,0.0,1.0,0.0938989176927559,0.0,0.0,1.0,0.0,      1547P   1900
0.0,1.0,0,0;                                                        1547P   1901
126,1,1,1,0,1,0,0.0,0.0,1.0,1.0,1.0,1.0,1.0,0.0938989176927568,     1549P   1902
0.0,1.0,0.900930831441118,0.0,0.0,1.0,0.0,0.0,1.0,0,0;              1549P   1903
126,2,2,1,0,1,0,0.0,0.0,0.0,1.0,1.0,1.0,1.0,1.0,1.0,1.0,            1551P   1904
0.900930831441118,0.0,0.898892761686863,0.919711297376988,0.0,      1551P   1905
0.747330960854095,0.932274419612286,0.0,0.0,1.0,0.0,0.0,1.0,0,0;    1551P   1906
126,1,1,1,0,1,0,0.0,0.0,1.0,1.0,1.0,1.0,0.747330960854095,          1553P   1907
0.932274419612286,0.0,0.747330960854095,0.949891166298096,0.0,      1553P   1908
0.0,1.0,0.0,0.0,1.0,0,0;                                            1553P   1909
126,4,2,1,0,1,0,0.0,0.0,0.0,0.5,0.5,1.0,1.0,1.0,1.0,1.0,1.0,1.0,    1555P   1910
1.0,0.747330960854095,0.949891166298096,0.0,0.70546734175153,       1555P   1911
0.952405044695074,0.0,0.242338704131842,0.975225678589048,0.0,      1555P   1912
0.0226048728760505,0.986053049021119,0.0,0.0,0.993395811684267,     1555P   1913
0.0,0.0,1.0,0.0,0.0,1.0,0,0;                                        1555P   1914
126,1,1,1,0,1,0,0.0,0.0,1.0,1.0,1.0,1.0,0.0,0.993395811684267,      1557P   1915
0.0,0.0,0.00221311423016285,0.0,0.0,1.0,0.0,0.0,1.0,0,0;            1557P   1916
126,4,2,1,0,1,0,0.0,0.0,0.0,0.5,0.5,1.0,1.0,1.0,1.0,1.0,1.0,1.0,    1559P   1917
1.0,0.0,0.00221311423016236,0.0,0.0226054705609015,                 1559P   1918
0.00957500696680825,0.0,0.242338704131771,0.0204292430970664,       1559P   1919
0.0,0.705591649841766,0.0433127040058242,0.0,0.747330960854095,     1559P   1920
0.04582501255114,0.0,0.0,1.0,0.0,0.0,1.0,0,0;                       1559P   1921
102,8,1545,1547,1549,1551,1553,1555,1557,1559,0,0;                  1561P   1922
100,-164.595238095238,0.0,0.0,-13.7661716808847,                    1563P   1923
-0.908170956040716,-13.7393506845479,-1.24999999999992,0,0;         1563P   1924
126,3,3,0,0,1,0,0.0,0.0,0.0,0.0,1.0,1.0,1.0,1.0,1.0,1.0,1.0,1.0,    1565P   1925
164.595238095238,1.24999999999992,13.7393506845479,                 1565P   1926
170.23099337388,1.24999999999992,12.1896047996391,                  1565P   1927
175.866343910452,1.24999999999991,10.6383835682792,181.5,           1565P   1928
1.24999999999991,9.08103946570977,0.0,1.0,0.0,0.0,0.0,0,0;          1565P   1929
100,-181.5,0.0,0.0,-9.08103946570974,-1.2499999999999,              1567P   1930
-1.26350232129846,-9.0791706483495,0,0;                             1567P   1931
126,3,3,0,0,1,0,0.0,0.0,0.0,0.0,1.0,1.0,1.0,1.0,1.0,1.0,1.0,1.0,    1569P   1932
181.5,9.07917064834952,1.26350232129846,175.866367059199,           1569P   1933
10.6368289074588,1.26350232129846,170.231010057519,                 1569P   1934
12.188225756188,1.26350232129846,164.595238095238,                  1569P   1935
13.7381155591683,1.26350232129846,0.0,1.0,0.0,0.0,0.0,0,0;          1569P   1936
100,-164.595238095238,0.0,0.0,-1.26350232129847,                    1571P   1937
-13.7381155591683,-0.908170956040696,-13.7661716808847,0,0;         1571P   1938
104,0.824774620206978,0.0,2715.04142825669,0.0,0.0,                 1573P   1939
-2239.29726283662,-56.837510875313,0.0210660581189472,              1573P   1940
-0.908170956040745,51.8699432872358,-0.086359238270608,0,0;         1573P   1941
100,114.595238095238,0.0,0.0,-0.0863592382705617,                   1575P   1942
27.4886375643317,-27.4886375643317,0.0863592382703409,0,0;          1575P   1943
104,0.824774620206931,0.0,2715.04142825653,0.0,0.0,                 1577P   1944
-2239.29726283636,-56.837510875313,51.8699432872361,                1577P   1945
0.0863592382702826,0.0210660581204252,0.908170956040719,0,0;        1577P   1946
102,8,1563,1565,1567,1569,1571,1573,1575,1577,0,0;                  1579P   1947
142,0,1543,1561,1579,3,0,0;                                         1581P   1948
144,1543,1,0,1581,0,0;                                              1583P   1949
128,3,1,3,1,0,0,0,0,0,0.0,0.0,0.0,0.0,1.0,1.0,1.0,1.0,0.0,0.0,      1585P   1950
1.0,1.0,1.0,0.823436089101481,0.823436089101481,1.0,1.0,            1585P   1951
0.823436089101481,0.823436089101481,1.0,164.595238095238,           1585P   1952
-25.4662481891333,1.03860662748582,164.595238095238,                1585P   1953
-24.8962210113452,15.0154610013533,164.595238095238,                1585P   1954
-15.002253700674,24.9041818502339,164.595238095238,                 1585P   1955
-1.02509894514241,25.4667954935414,181.5,-24.8764112313118,         1585P   1956
1.01455092171481,181.5,-24.3195867480834,14.6676801358113,181.5,    1585P   1957
-14.6547787362602,24.3273632018614,181.5,-1.00135609779488,         1585P   1958
24.8769458593192,0.0,1.0,0.0,1.0,0,0;                               1585P   1959
126,1,1,1,0,1,0,0.0,0.0,1.0,1.0,1.0,1.0,0.00650367073592144,0.0,    1587P   1960
0.0,0.00736855598620412,1.0,0.0,0.0,1.0,0.0,0.0,1.0,0,0;            1587P   1961
126,1,1,1,0,1,0,0.0,0.0,1.0,1.0,1.0,1.0,0.00736855598620441,1.0,    1589P   1962
0.0,0.992640707410732,1.0,0.0,0.0,1.0,0.0,0.0,1.0,0,0;              1589P   1963
126,1,1,1,0,1,0,0.0,0.0,1.0,1.0,1.0,1.0,0.992640707410732,1.0,      1591P   1964
0.0,0.993496329265959,0.0,0.0,0.0,1.0,0.0,0.0,1.0,0,0;              1591P   1965
126,1,1,1,0,1,0,0.0,0.0,1.0,1.0,1.0,1.0,0.993496329264079,0.0,      1593P   1966
0.0,0.00650367073592141,0.0,0.0,0.0,1.0,0.0,0.0,1.0,0,0;            1593P   1967
102,4,1587,1589,1591,1593,0,0;                                      1595P   1968
126,6,3,0,0,1,0,0.0,0.0,0.0,0.0,0.0198357586363453,                 1597P   1969
0.0198357586363453,0.0198357586363453,1.0,1.0,1.0,1.0,1.0,1.0,      1597P   1970
1.0,1.0,1.0,1.0,1.0,164.595238095238,-25.4560810503358,             1597P   1971
1.26350232129846,164.707011024874,-25.4521730486377,                1597P   1972
1.26350232129846,164.818783954432,-25.4482650447307,                1597P   1973
1.26350232129846,164.930556883913,-25.4443570386117,                1597P   1974
1.26350232129846,170.45370478252,-25.2512468116175,                 1597P   1975
1.26350232129846,175.97685249239,-25.0581311864938,                 1597P   1976
1.26350232129846,181.5,-24.8650097769167,1.26350232129846,0.0,      1597P   1977
1.0,0.0,0.0,0.0,0,0;                                                1597P   1978
100,-181.5,0.0,0.0,-1.26350232129846,24.8650097769167,              1599P   1979
-24.8656922148185,1.25000000000003,0,0;                             1599P   1980
126,3,3,0,0,1,0,0.0,0.0,0.0,0.0,1.0,1.0,1.0,1.0,1.0,1.0,1.0,1.0,    1601P   1981
181.5,-1.25000000000003,24.8656922148185,175.865079566426,          1601P   1982
-1.25000000000003,25.0627164495019,170.230158926825,                1601P   1983
-1.25000000000003,25.2597347918444,164.595238095238,                1601P   1984
-1.25000000000003,25.4567476429569,0.0,1.0,0.0,0.0,0.0,0,0;         1601P   1985
100,164.595238095238,0.0,0.0,-25.4567476429537,-1.2500000000651,    1603P   1986
-1.26350232129846,-25.4560810503358,0,0;                            1603P   1987
102,4,1597,1599,1601,1603,0,0;                                      1605P   1988
142,0,1585,1595,1605,3,0,0;                                         1607P   1989
144,1585,1,0,1607,0,0;                                              1609P   1990
128,1,3,1,3,0,0,0,0,0,0.0,0.0,1.0,1.0,0.0,0.0,0.0,0.0,1.0,1.0,      1611P   1991
1.0,1.0,1.0,1.0,0.801784543925813,0.801784543925813,                1611P   1992
0.801784543925813,0.801784543925813,1.0,1.0,114.595238095238,       1611P   1993
-27.4882371107976,-0.17167877502509,181.5,-9.16648789109589,        1611P   1994
-0.0572496303085041,114.595238095238,-27.5898030679333,             1611P   1995
16.0904894034465,181.5,-9.20035703710477,5.36568699127535,          1611P   1996
114.595238095238,-16.0904894034455,27.5898030679339,181.5,          1611P   1997
-5.36568699127503,9.20035703710495,114.595238095238,                1611P   1998
0.171678775026031,27.4882371107976,181.5,0.0572496303088177,        1611P   1999
9.16648789109589,0.0,1.0,0.0,1.0,0,0;                               1611P   2000
126,1,1,1,0,1,0,0.0,0.0,1.0,1.0,1.0,1.0,0.747330960854095,          1613P   2001
0.0499508018695483,0.0,0.747330960854095,0.0675104433018097,0.0,    1613P   2002
0.0,1.0,0.0,0.0,1.0,0,0;                                            1613P   2003
126,2,2,1,0,1,0,0.0,0.0,0.0,1.0,1.0,1.0,1.0,1.0,1.0,                1615P   2004
0.747330960854095,0.0675104433018098,0.0,0.898890298878717,         1615P   2005
0.0800323515239188,0.0,1.0,0.0987504419143244,0.0,0.0,1.0,0.0,      1615P   2006
0.0,1.0,0,0;                                                        1615P   2007
126,1,1,1,0,1,0,0.0,0.0,1.0,1.0,1.0,1.0,1.0,0.0987504419143244,     1617P   2008
0.0,1.0,0.902239479559975,0.0,0.0,1.0,0.0,0.0,1.0,0,0;              1617P   2009
126,2,2,1,0,1,0,0.0,0.0,0.0,1.0,1.0,1.0,1.0,1.0,1.0,1.0,            1619P   2010
0.902239479559976,0.0,0.898889314456028,0.920763156092938,0.0,      1619P   2011
0.747330960854098,0.933154460212201,0.0,0.0,1.0,0.0,0.0,1.0,0,0;    1619P   2012
126,1,1,1,0,1,0,0.0,0.0,1.0,1.0,1.0,1.0,0.747330960854095,          1621P   2013
0.933154460212202,0.0,0.747330960854095,0.950049198130431,0.0,      1621P   2014
0.0,1.0,0.0,0.0,1.0,0,0;                                            1621P   2015
126,4,2,1,0,1,0,0.0,0.0,0.0,0.5,0.5,1.0,1.0,1.0,1.0,1.0,1.0,1.0,    1623P   2016
1.0,0.747330960854096,0.950049198130431,0.0,0.705529436204096,      1623P   2017
0.952551268370081,0.0,0.242338704131746,0.975302997785115,0.0,      1623P   2018
0.0226051715575417,0.986096214337981,0.0,0.0,0.993416267451552,     1623P   2019
0.0,0.0,1.0,0.0,0.0,1.0,0,0;                                        1623P   2020
126,1,1,1,0,1,0,0.0,0.0,1.0,1.0,1.0,1.0,0.0,0.993416267451552,      1625P   2021
0.0,0.0,0.00658373254844866,0.0,0.0,1.0,0.0,0.0,1.0,0,0;            1625P   2022
126,4,2,1,0,1,0,0.0,0.0,0.0,0.5,0.5,1.0,1.0,1.0,1.0,1.0,1.0,1.0,    1627P   2023
1.0,0.0,0.006583732548448,0.0,0.0226051715577576,                   1627P   2024
0.0139037856620112,0.0,0.242338704132,0.0246970022148768,0.0,       1627P   2025
0.705529436203553,0.0474487316298649,0.0,0.747330960854095,         1627P   2026
0.0499508018695479,0.0,0.0,1.0,0.0,0.0,1.0,0,0;                     1627P   2027
102,8,1613,1615,1617,1619,1621,1623,1625,1627,0,0;                  1629P   2028
100,-164.595238095238,0.0,0.0,-0.908170956040766,                   1631P   2029
13.7661716808847,-1.26350232129846,13.7381155591683,0,0;            1631P   2030
126,3,3,0,0,1,0,0.0,0.0,0.0,0.0,1.0,1.0,1.0,1.0,1.0,1.0,1.0,1.0,    1633P   2031
164.595238095238,-13.7381155591683,1.26350232129846,                1633P   2032
170.231011950472,-12.1882252356082,1.26350232129846,                1633P   2033
175.866372240333,-10.6368274749131,1.26350232129846,181.5,          1633P   2034
-9.07917064834953,1.26350232129846,0.0,1.0,0.0,0.0,0.0,0,0;         1633P   2035
100,-181.5,0.0,0.0,-1.26350232129846,9.0791706483495,               1635P   2036
-9.08103946570972,1.25000000000009,0,0;                             1635P   2037
126,3,3,0,0,1,0,0.0,0.0,0.0,0.0,1.0,1.0,1.0,1.0,1.0,1.0,1.0,1.0,    1637P   2038
181.5,-1.25000000000009,9.08103946570974,175.866339102852,          1637P   2039
-1.25000000000009,10.6383848972718,170.230991664559,                1637P   2040
-1.25000000000008,12.189605269676,164.595238095238,                 1637P   2041
-1.25000000000008,13.7393506845479,0.0,1.0,0.0,0.0,0.0,0,0;         1637P   2042
100,-164.595238095238,0.0,0.0,-13.7393506845479,                    1639P   2043
1.25000000000007,-13.7661716808847,0.908170956040719,0,0;           1639P   2044
104,0.824774620206931,0.0,2715.04142825653,0.0,0.0,                 1641P   2045
-2239.29726283636,-56.837510875313,0.0210660581203683,              1641P   2046
-0.908170956040719,51.8699432872366,-0.0863592382702001,0,0;        1641P   2047
100,114.595238095238,0.0,0.0,-27.4886375643317,                     1643P   2048
-0.0863592382702365,-0.0863592382712216,-27.4886375643317,0,0;      1643P   2049
104,0.824774620206978,0.0,2715.04142825669,0.0,0.0,                 1645P   2050
-2239.29726283662,-56.837510875313,51.869943287233,                 1645P   2051
0.0863592382711209,0.0210660581190325,0.908170956040745,0,0;        1645P   2052
102,8,1631,1633,1635,1637,1639,1641,1643,1645,0,0;                  1647P   2053
142,0,1611,1629,1647,3,0,0;                                         1649P   2054
144,1611,1,0,1649,0,0;                                              1651P   2055
128,3,1,3,1,0,0,0,0,0,0.0,0.0,0.0,0.0,1.0,1.0,1.0,1.0,0.0,0.0,      1653P   2056
1.0,1.0,1.0,0.823436089100895,0.823436089100895,1.0,1.0,            1653P   2057
0.823436089100895,0.823436089100895,1.0,164.595238095238,           1653P   2058
1.02509894507683,25.466795493544,164.595238095238,                  1653P   2059
15.0022537006395,24.9041818502714,164.595238095238,                 1653P   2060
24.8962210113442,15.0154610013825,164.595238095238,                 1653P   2061
25.4662481891333,1.03860662748544,181.5,1.00135609773082,           1653P   2062
24.8769458593217,181.5,14.6547787362265,24.327363201898,181.5,      1653P   2063
24.3195867480824,14.6676801358398,181.5,24.8764112313118,           1653P   2064
1.01455092171443,0.0,1.0,0.0,1.0,0,0;                               1653P   2065
126,1,1,1,0,1,0,0.0,0.0,1.0,1.0,1.0,1.0,0.00650367073592305,0.0,    1655P   2066
0.0,0.00735929259114795,1.0,0.0,0.0,1.0,0.0,0.0,1.0,0,0;            1655P   2067
126,1,1,1,0,1,0,0.0,0.0,1.0,1.0,1.0,1.0,0.00735929259114791,1.0,    1657P   2068
0.0,0.992631444013795,1.0,0.0,0.0,1.0,0.0,0.0,1.0,0,0;              1657P   2069
126,1,1,1,0,1,0,0.0,0.0,1.0,1.0,1.0,1.0,0.992631444013795,1.0,      1659P   2070
0.0,0.993496329264077,0.0,0.0,0.0,1.0,0.0,0.0,1.0,0,0;              1659P   2071
126,1,1,1,0,1,0,0.0,0.0,1.0,1.0,1.0,1.0,0.993496329264077,0.0,      1661P   2072
0.0,0.00650367073592313,0.0,0.0,0.0,1.0,0.0,0.0,1.0,0,0;            1661P   2073
102,4,1655,1657,1659,1661,0,0;                                      1663P   2074
126,6,3,0,0,1,0,0.0,0.0,0.0,0.0,0.0191712206117258,                 1665P   2075
0.0191712206117258,0.0191712206117258,1.0,1.0,1.0,1.0,1.0,1.0,      1665P   2076
1.0,1.0,1.0,1.0,1.0,164.595238095238,1.24999999999997,              1665P   2077
25.4567476429569,164.70326640563,1.24999999999997,                  1665P   2078
25.4529706661249,164.811294715952,1.24999999999997,                 1665P   2079
25.4491936872735,164.919323026203,1.24999999999997,                 1665P   2080
25.4454167064,170.446215540169,1.24999999999997,25.252180625354,    1665P   2081
175.973107869188,1.24999999999997,25.0589392544329,181.5,           1665P   2082
1.24999999999997,24.8656922148185,0.0,1.0,0.0,0.0,0.0,0,0;          1665P   2083
100,-181.5,0.0,0.0,-24.8656922148186,-1.24999999999996,             1667P   2084
-1.26350232129847,-24.8650097769167,0,0;                            1667P   2085
126,3,3,0,0,1,0,0.0,0.0,0.0,0.0,1.0,1.0,1.0,1.0,1.0,1.0,1.0,1.0,    1669P   2086
181.5,24.8650097769167,1.26350232129846,175.865079570822,           1669P   2087
25.0620394189167,1.26350232129846,170.230158931118,                 1669P   2088
25.2590630400971,1.26350232129846,164.595238095238,                 1669P   2089
25.4560810503358,1.26350232129846,0.0,1.0,0.0,0.0,0.0,0,0;          1669P   2090
100,164.595238095238,0.0,0.0,-1.26350232129845,25.4560810503358,    1671P   2091
-25.4567476429569,1.24999999999997,0,0;                             1671P   2092
102,4,1665,1667,1669,1671,0,0;                                      1673P   2093
142,0,1653,1663,1673,3,0,0;                                         1675P   2094
144,1653,1,0,1675,0,0;                                              1677P   2095
128,3,1,3,1,0,0,0,0,0,0.0,0.0,0.0,0.0,1.0,1.0,1.0,1.0,0.0,0.0,      1679P   2096
1.0,1.0,1.0,0.823193435474357,0.823193435474357,1.0,1.0,            1679P   2097
0.823193435474357,0.823193435474357,1.0,164.595238095238,           1679P   2098
25.4673420573932,-1.01142923080337,164.595238095238,                1679P   2099
24.9117441008419,-15.0011407943532,164.595238095238,                1679P   2100
15.0143517623211,-24.9037840585547,164.595238095238,                1679P   2101
1.02493685323979,-25.4668020176084,181.5,24.8774797639227,          1679P   2102
-0.988002994786266,181.5,24.3347502992681,-14.6536916065388,        1679P   2103
181.5,14.6665965884385,-24.3269746236411,181.5,1.00119776018673,    1679P   2104
-24.8769522322789,0.0,1.0,0.0,1.0,0,0;                              1679P   2105
126,1,1,1,0,1,0,0.0,0.0,1.0,1.0,1.0,1.0,0.0068941522523536,0.0,     1681P   2106
0.0,0.00650455492394346,0.0,0.0,0.0,1.0,0.0,0.0,1.0,0,0;            1681P   2107
126,1,1,1,0,1,0,0.0,0.0,1.0,1.0,1.0,1.0,0.00650455492394345,0.0,    1683P   2108
0.0,0.00735041728805102,1.0,0.0,0.0,1.0,0.0,0.0,1.0,0,0;            1683P   2109
126,1,1,1,0,1,0,0.0,0.0,1.0,1.0,1.0,1.0,0.00735041728805095,1.0,    1685P   2110
0.0,0.992640325451647,1.0,0.0,0.0,1.0,0.0,0.0,1.0,0,0;              1685P   2111
126,1,1,1,0,1,0,0.0,0.0,1.0,1.0,1.0,1.0,0.992640325451647,1.0,      1687P   2112
0.0,0.993495445076057,0.0,0.0,0.0,1.0,0.0,0.0,1.0,0,0;              1687P   2113
126,1,1,1,0,1,0,0.0,0.0,1.0,1.0,1.0,1.0,0.993495445076057,0.0,      1689P   2114
0.0,0.0068941522523536,0.0,0.0,0.0,1.0,0.0,0.0,1.0,0,0;             1689P   2115
102,5,1681,1683,1685,1687,1689,0,0;                                 1691P   2116
126,6,3,0,0,1,0,0.0,0.0,0.0,0.0,0.0199042209834421,                 1693P   2117
0.0199042209834421,0.0199042209834421,1.0,1.0,1.0,1.0,1.0,1.0,      1693P   2118
1.0,1.0,1.0,1.0,1.0,164.595238095238,25.4574070566458,              1693P   2119
-1.23649767870154,164.70739680461,25.4534857708978,                 1693P   2120
-1.23649767870154,164.819555513907,25.4495644830201,                1693P   2121
-1.23649767870154,164.93171422313,25.4456431930096,                 1693P   2122
-1.23649767870154,170.454476333761,25.2525565210531,                1693P   2123
-1.23649767870154,175.9772382637,25.0594646807522,                  1693P   2124
-1.23649767870154,181.5,24.8663673022952,-1.23649767870154,0.0,     1693P   2125
1.0,0.0,0.0,0.0,0,0;                                                1693P   2126
100,-181.5,0.0,0.0,1.23649767870154,-24.8663673022952,              1695P   2127
24.8656922148186,-1.24999999999978,0,0;                             1695P   2128
126,3,3,0,0,1,0,0.0,0.0,0.0,0.0,1.0,1.0,1.0,1.0,1.0,1.0,1.0,1.0,    1697P   2129
181.5,1.24999999999978,-24.8656922148186,175.865079566426,          1697P   2130
1.24999999999978,-25.0627164495019,170.230158926825,                1697P   2131
1.24999999999978,-25.2597347918444,164.595238095238,                1697P   2132
1.24999999999978,-25.4567476429569,0.0,1.0,0.0,0.0,0.0,0,0;         1697P   2133
100,164.595238095238,0.0,0.0,25.4567476429569,1.24999999999978,     1699P   2134
1.25000000000009,25.4567476429569,0,0;                              1699P   2135
102,4,1693,1695,1697,1699,0,0;                                      1701P   2136
142,0,1679,1691,1701,3,0,0;                                         1703P   2137
144,1679,1,0,1703,0,0;                                              1705P   2138
128,1,3,1,3,0,0,0,0,0,0.0,0.0,1.0,1.0,0.0,0.0,0.0,0.0,1.0,1.0,      1707P   2139
1.0,1.0,1.0,1.0,0.801784543925807,0.801784543925807,                1707P   2140
0.801784543925807,0.801784543925807,1.0,1.0,114.595238095238,       1707P   2141
27.4882371107976,0.171678775025856,181.5,9.16648789109589,          1707P   2142
0.0572496303087595,114.595238095238,27.5898030679338,               1707P   2143
-16.090489403446,181.5,9.20035703710492,-5.36568699127521,          1707P   2144
114.595238095238,16.0904894034459,-27.5898030679339,181.5,          1707P   2145
5.36568699127516,-9.20035703710495,114.595238095238,                1707P   2146
-0.171678775025985,-27.4882371107976,181.5,-0.0572496303088026,     1707P   2147
-9.16648789109589,0.0,1.0,0.0,1.0,0,0;                              1707P   2148
126,1,1,1,0,1,0,0.0,0.0,1.0,1.0,1.0,1.0,0.747330960854095,          1709P   2149
0.0499508018695725,0.0,0.747330960854094,0.0661804591497251,0.0,    1709P   2150
0.0,1.0,0.0,0.0,1.0,0,0;                                            1709P   2151
126,2,2,1,0,1,0,0.0,0.0,0.0,1.0,1.0,1.0,1.0,1.0,1.0,                1711P   2152
0.747330960854095,0.066180459149725,0.0,0.898888410055353,          1711P   2153
0.078441115451261,0.0,1.0,0.0967703067187843,0.0,0.0,1.0,0.0,       1711P   2154
0.0,1.0,0,0;                                                        1711P   2155
126,1,1,1,0,1,0,0.0,0.0,1.0,1.0,1.0,1.0,1.0,0.0967703067187846,     1713P   2156
0.0,1.0,0.902239479559996,0.0,0.0,1.0,0.0,0.0,1.0,0,0;              1713P   2157
126,2,2,1,0,1,0,0.0,0.0,0.0,1.0,1.0,1.0,1.0,1.0,1.0,1.0,            1715P   2158
0.902239479559996,0.0,0.898889314456021,0.920763156092956,0.0,      1715P   2159
0.747330960854095,0.933154460212216,0.0,0.0,1.0,0.0,0.0,1.0,0,0;    1715P   2160
126,1,1,1,0,1,0,0.0,0.0,1.0,1.0,1.0,1.0,0.747330960854095,          1717P   2161
0.933154460212216,0.0,0.747330960854095,0.950049198130434,0.0,      1717P   2162
0.0,1.0,0.0,0.0,1.0,0,0;                                            1717P   2163
126,4,2,1,0,1,0,0.0,0.0,0.0,0.5,0.5,1.0,1.0,1.0,1.0,1.0,1.0,1.0,    1719P   2164
1.0,0.747330960854095,0.950049198130434,0.0,0.70552943620404,       1719P   2165
0.952551268370088,0.0,0.24233870413178,0.975302997785116,0.0,       1719P   2166
0.0226051715575674,0.986096214337983,0.0,0.0,0.993416267451552,     1719P   2167
0.0,0.0,1.0,0.0,0.0,1.0,0,0;                                        1719P   2168
126,1,1,1,0,1,0,0.0,0.0,1.0,1.0,1.0,1.0,0.0,0.993416267451552,      1721P   2169
0.0,0.0,0.00658373254844825,0.0,0.0,1.0,0.0,0.0,1.0,0,0;            1721P   2170
126,4,2,1,0,1,0,0.0,0.0,0.0,0.5,0.5,1.0,1.0,1.0,1.0,1.0,1.0,1.0,    1723P   2171
1.0,0.0,0.00658373254844774,0.0,0.0226051715575688,                 1723P   2172
0.0139037856620205,0.0,0.242338704131742,0.0246970022148849,0.0,    1723P   2173
0.705529436204023,0.0474487316299132,0.0,0.747330960854094,         1723P   2174
0.049950801869568,0.0,0.0,1.0,0.0,0.0,1.0,0,0;                      1723P   2175
102,8,1709,1711,1713,1715,1717,1719,1721,1723,0,0;                  1725P   2176
100,-164.595238095238,0.0,0.0,0.908170956040886,                    1727P   2177
-13.7661716808847,1.23649767870155,-13.7405724307088,0,0;           1727P   2178
126,3,3,0,0,1,0,0.0,0.0,0.0,0.0,1.0,1.0,1.0,1.0,1.0,1.0,1.0,1.0,    1729P   2179
164.595238095238,13.7405724307088,-1.23649767870154,                1729P   2180
170.2309750179,12.1909693889748,-1.23649767870154,                  1729P   2181
175.866315917332,10.6399227474299,-1.23649767870154,181.5,          1729P   2182
9.08288782647588,-1.23649767870154,0.0,1.0,0.0,0.0,0.0,0,0;         1729P   2183
100,-181.5,0.0,0.0,1.23649767870154,-9.08288782647586,              1731P   2184
9.08103946570975,-1.24999999999984,0,0;                             1731P   2185
126,3,3,0,0,1,0,0.0,0.0,0.0,0.0,1.0,1.0,1.0,1.0,1.0,1.0,1.0,1.0,    1733P   2186
181.5,1.24999999999984,-9.08103946570977,175.86633907302,           1733P   2187
1.24999999999983,-10.6383849055187,170.230991644826,                1733P   2188
1.24999999999983,-12.1896052751022,164.595238095238,                1733P   2189
1.24999999999982,-13.739350684548,0.0,1.0,0.0,0.0,0.0,0,0;          1733P   2190
100,-164.595238095238,0.0,0.0,13.739350684548,-1.24999999999983,    1735P   2191
13.7661716808847,-0.908170956040696,0,0;                            1735P   2192
104,0.824774620206931,0.0,2715.04142825653,0.0,0.0,                 1737P   2193
-2239.29726283636,-56.837510875313,0.0210660581205104,              1737P   2194
-0.908170956040719,51.869943287236,-0.0863592382703117,0,0;         1737P   2195
100,114.595238095238,0.0,0.0,27.4886375643317,0.086359238270309,    1739P   2196
0.086359238270443,27.4886375643317,0,0;                             1739P   2197
104,0.824774620206978,0.0,2715.04142825669,0.0,0.0,                 1741P   2198
-2239.29726283662,-56.837510875313,51.8699432872376,                1741P   2199
0.0863592382702858,0.0210660581190325,0.908170956040745,0,0;        1741P   2200
102,8,1727,1729,1731,1733,1735,1737,1739,1741,0,0;                  1743P   2201
142,0,1707,1725,1743,3,0,0;                                         1745P   2202
144,1707,1,0,1745,0,0;                                              1747P   2203
128,1,1,1,1,0,0,1,0,0,0.0,0.0,1.0,1.0,0.0,0.0,1.0,1.0,1.0,1.0,      1749P   2204
1.0,1.0,164.595238095238,13.7404188352077,-0.906200995704922,       1749P   2205
164.595238095238,13.7661716808847,-0.906200995704922,               1749P   2206
164.595238095238,13.7404188352077,-1.23649767870154,                1749P   2207
164.595238095238,13.7661716808847,-1.23649767870154,0.0,1.0,0.0,    1749P   2208
1.0,0,0;                                                            1749P   2209
126,1,1,1,0,1,0,0.0,0.0,1.0,1.0,1.0,1.0,0.00596421471173096,1.0,    1751P   2210
0.0,1.0,1.0,0.0,0.0,1.0,0.0,0.0,1.0,0,0;                            1751P   2211
126,1,1,1,0,1,0,0.0,0.0,1.0,1.0,1.0,1.0,1.0,1.0,0.0,1.0,            1753P   2212
0.00596421471173,0.0,0.0,1.0,0.0,0.0,1.0,0,0;                       1753P   2213
126,1,1,1,0,1,0,0.0,0.0,1.0,1.0,1.0,1.0,1.0,0.00596421471173098,    1755P   2214
0.0,0.00596421471173096,1.0,0.0,0.0,1.0,0.0,0.0,1.0,0,0;            1755P   2215
102,3,1751,1753,1755,0,0;                                           1757P   2216
110,164.595238095238,13.7405724307088,-1.23649767870154,            1759P   2217
164.595238095238,13.7661716808847,-1.23649767870154,0,0;            1759P   2218
110,164.595238095238,13.7661716808847,-1.23649767870154,            1761P   2219
164.595238095238,13.7661716808847,-0.908170956040886,0,0;           1761P   2220
100,-164.595238095238,0.0,0.0,0.908170956040886,                    1763P   2221
-13.7661716808847,1.23649767870154,-13.7405724307088,0,0;           1763P   2222
102,3,1759,1761,1763,0,0;                                           1765P   2223
142,0,1749,1757,1765,3,0,0;                                         1767P   2224
144,1749,1,0,1767,0,0;                                              1769P   2225
128,1,1,1,1,0,0,1,0,0,0.0,0.0,1.0,1.0,0.0,0.0,1.0,1.0,1.0,1.0,      1771P   2226
1.0,1.0,181.5,-25.5543425127477,1.26350232129846,181.5,             1771P   2227
-8.98090918593758,1.26350232129846,164.595238095238,                1771P   2228
-25.5543425127477,1.26350232129846,164.595238095238,                1771P   2229
-8.98090918593758,1.26350232129846,0.0,1.0,0.0,1.0,0,0;             1771P   2230
126,1,1,1,0,1,0,0.0,0.0,1.0,1.0,1.0,1.0,0.994071146245059,0.0,      1773P   2231
0.0,0.0415926333571431,0.0,0.0,0.0,1.0,0.0,0.0,1.0,0,0;             1773P   2232
126,1,1,1,0,1,0,0.0,0.0,1.0,1.0,1.0,1.0,0.0415926333571431,0.0,     1775P   2233
0.0,0.00592885375494084,1.0,0.0,0.0,1.0,0.0,0.0,1.0,0,0;            1775P   2234
126,1,1,1,0,1,0,0.0,0.0,1.0,1.0,1.0,1.0,0.00592885375494063,1.0,    1777P   2235
0.0,0.712961926510716,1.0,0.0,0.0,1.0,0.0,0.0,1.0,0,0;              1777P   2236
126,1,1,1,0,1,0,0.0,0.0,1.0,1.0,1.0,1.0,0.712961926510716,1.0,      1779P   2237
0.0,0.994071146245058,0.0,0.0,0.0,1.0,0.0,0.0,1.0,0,0;              1779P   2238
102,4,1773,1775,1777,1779,0,0;                                      1781P   2239
110,181.5,-9.0791706483495,1.26350232129846,181.5,                  1783P   2240
-24.8650097769167,1.26350232129846,0,0;                             1783P   2241
126,6,3,0,0,1,0,0.0,0.0,0.0,0.0,0.980164241363655,                  1785P   2242
0.980164241363655,0.980164241363655,1.0,1.0,1.0,1.0,1.0,1.0,1.0,    1785P   2243
1.0,1.0,1.0,1.0,181.5,-24.8650097769167,1.26350232129846,           1785P   2244
175.97685249239,-25.0581311864938,1.26350232129846,                 1785P   2245
170.45370478252,-25.2512468116175,1.26350232129846,                 1785P   2246
164.930556883913,-25.4443570386117,1.26350232129846,                1785P   2247
164.818783954432,-25.4482650447307,1.26350232129846,                1785P   2248
164.707011024874,-25.4521730486377,1.26350232129846,                1785P   2249
164.595238095238,-25.4560810503358,1.26350232129846,0.0,1.0,0.0,    1785P   2250
0.0,0.0,0,0;                                                        1785P   2251
110,164.595238095238,-25.4560810503358,1.26350232129846,            1787P   2252
164.595238095238,-13.7381155591683,1.26350232129846,0,0;            1787P   2253
126,3,3,0,0,1,0,0.0,0.0,0.0,0.0,1.0,1.0,1.0,1.0,1.0,1.0,1.0,1.0,    1789P   2254
164.595238095238,-13.7381155591683,1.26350232129846,                1789P   2255
170.231011950472,-12.1882252356082,1.26350232129846,                1789P   2256
175.866372240333,-10.6368274749131,1.26350232129846,181.5,          1789P   2257
-9.07917064834953,1.26350232129846,0.0,1.0,0.0,0.0,0.0,0,0;         1789P   2258
102,4,1783,1785,1787,1789,0,0;                                      1791P   2259
142,0,1771,1781,1791,3,0,0;                                         1793P   2260
144,1771,1,0,1793,0,0;                                              1795P   2261
128,1,1,1,1,0,0,1,0,0,0.0,0.0,1.0,1.0,0.0,0.0,1.0,1.0,1.0,1.0,      1797P   2262
1.0,1.0,164.595238095238,-1.25000000000008,13.7661716808847,        1797P   2263
164.595238095238,-0.906119981776963,13.7661716808847,               1797P   2264
164.595238095238,-1.25000000000008,13.7391897585699,                1797P   2265
164.595238095238,-0.906119981776963,13.7391897585699,0.0,1.0,       1797P   2266
0.0,1.0,0,0;                                                        1797P   2267
126,1,1,1,0,1,0,0.0,0.0,1.0,1.0,1.0,1.0,0.0,0.994035785288264,      1799P   2268
0.0,0.994035785288281,0.0,0.0,0.0,1.0,0.0,0.0,1.0,0,0;              1799P   2269
126,1,1,1,0,1,0,0.0,0.0,1.0,1.0,1.0,1.0,0.99403578528827,0.0,       1801P   2270
0.0,0.0,0.0,0.0,0.0,1.0,0.0,0.0,1.0,0,0;                            1801P   2271
126,1,1,1,0,1,0,0.0,0.0,1.0,1.0,1.0,1.0,0.0,0.0,0.0,0.0,            1803P   2272
0.994035785288264,0.0,0.0,1.0,0.0,0.0,1.0,0,0;                      1803P   2273
102,3,1799,1801,1803,0,0;                                           1805P   2274
100,-164.595238095238,0.0,0.0,-13.7393506845479,                    1807P   2275
1.25000000000007,-13.7661716808847,0.908170956040719,0,0;           1807P   2276
110,164.595238095238,-0.908170956040719,13.7661716808847,           1809P   2277
164.595238095238,-1.25000000000008,13.7661716808847,0,0;            1809P   2278
110,164.595238095238,-1.25000000000008,13.7661716808847,            1811P   2279
164.595238095238,-1.25000000000008,13.7393506845479,0,0;            1811P   2280
102,3,1807,1809,1811,0,0;                                           1813P   2281
142,0,1797,1805,1813,3,0,0;                                         1815P   2282
144,1797,1,0,1815,0,0;                                              1817P   2283
128,1,1,1,1,0,0,1,0,0,0.0,0.0,1.0,1.0,0.0,0.0,1.0,1.0,1.0,1.0,      1819P   2284
1.0,1.0,181.5,8.98090918593758,1.26350232129846,181.5,              1819P   2285
25.5543425127477,1.26350232129846,164.595238095238,                 1819P   2286
8.98090918593758,1.26350232129846,164.595238095238,                 1819P   2287
25.5543425127477,1.26350232129846,0.0,1.0,0.0,1.0,0,0;              1819P   2288
126,1,1,1,0,1,0,0.0,0.0,1.0,1.0,1.0,1.0,0.287038073489284,1.0,      1821P   2289
0.0,0.994071146245059,1.0,0.0,0.0,1.0,0.0,0.0,1.0,0,0;              1821P   2290
126,1,1,1,0,1,0,0.0,0.0,1.0,1.0,1.0,1.0,0.99407114624506,1.0,       1823P   2291
0.0,0.958407366642857,0.0,0.0,0.0,1.0,0.0,0.0,1.0,0,0;              1823P   2292
126,1,1,1,0,1,0,0.0,0.0,1.0,1.0,1.0,1.0,0.958407366642857,0.0,      1825P   2293
0.0,0.00592885375494063,0.0,0.0,0.0,1.0,0.0,0.0,1.0,0,0;            1825P   2294
126,1,1,1,0,1,0,0.0,0.0,1.0,1.0,1.0,1.0,0.00592885375494189,0.0,    1827P   2295
0.0,0.287038073489285,1.0,0.0,0.0,1.0,0.0,0.0,1.0,0,0;              1827P   2296
102,4,1821,1823,1825,1827,0,0;                                      1829P   2297
110,164.595238095238,13.7381155591683,1.26350232129846,             1831P   2298
164.595238095238,25.4560810503358,1.26350232129846,0,0;             1831P   2299
126,3,3,0,0,1,0,0.0,0.0,0.0,0.0,1.0,1.0,1.0,1.0,1.0,1.0,1.0,1.0,    1833P   2300
164.595238095238,25.4560810503358,1.26350232129846,                 1833P   2301
170.230158931118,25.2590630400971,1.26350232129846,                 1833P   2302
175.865079570822,25.0620394189167,1.26350232129846,181.5,           1833P   2303
24.8650097769167,1.26350232129846,0.0,1.0,0.0,0.0,0.0,0,0;          1833P   2304
110,181.5,24.8650097769167,1.26350232129846,181.5,                  1835P   2305
9.0791706483495,1.26350232129846,0,0;                               1835P   2306
126,3,3,0,0,1,0,0.0,0.0,0.0,0.0,1.0,1.0,1.0,1.0,1.0,1.0,1.0,1.0,    1837P   2307
181.5,9.07917064834951,1.26350232129846,175.866367059199,           1837P   2308
10.6368289074588,1.26350232129846,170.231010057519,                 1837P   2309
12.188225756188,1.26350232129846,164.595238095238,                  1837P   2310
13.7381155591683,1.26350232129846,0.0,1.0,0.0,0.0,0.0,0,0;          1837P   2311
102,4,1831,1833,1835,1837,0,0;                                      1839P   2312
142,0,1819,1829,1839,3,0,0;                                         1841P   2313
144,1819,1,0,1841,0,0;                                              1843P   2314
128,1,1,1,1,0,0,1,0,0,0.0,0.0,1.0,1.0,0.0,0.0,1.0,1.0,1.0,1.0,      1845P   2315
1.0,1.0,164.595238095238,-25.5556541720268,-1.23649767870154,       1845P   2316
164.595238095238,-8.98464071109484,-1.23649767870154,181.5,         1845P   2317
-25.5556541720268,-1.23649767870154,181.5,-8.98464071109484,        1845P   2318
-1.23649767870154,0.0,1.0,0.0,1.0,0,0;                              1845P   2319
126,1,1,1,0,1,0,0.0,0.0,1.0,1.0,1.0,1.0,0.712996931006872,0.0,      1847P   2320
0.0,0.711452109971254,0.0,0.0,0.0,1.0,0.0,0.0,1.0,0,0;              1847P   2321
126,1,1,1,0,1,0,0.0,0.0,1.0,1.0,1.0,1.0,0.711452109971254,0.0,      1849P   2322
0.0,0.00592885375494074,0.0,0.0,0.0,1.0,0.0,0.0,1.0,0,0;            1849P   2323
126,1,1,1,0,1,0,0.0,0.0,1.0,1.0,1.0,1.0,0.00592885375494032,0.0,    1851P   2324
0.0,0.0415959392801601,1.0,0.0,0.0,1.0,0.0,0.0,1.0,0,0;             1851P   2325
126,1,1,1,0,1,0,0.0,0.0,1.0,1.0,1.0,1.0,0.0415959392801601,1.0,     1853P   2326
0.0,0.994071146245059,1.0,0.0,0.0,1.0,0.0,0.0,1.0,0,0;              1853P   2327
126,1,1,1,0,1,0,0.0,0.0,1.0,1.0,1.0,1.0,0.994071146245058,1.0,      1855P   2328
0.0,0.712996931006872,0.0,0.0,0.0,1.0,0.0,0.0,1.0,0,0;              1855P   2329
102,5,1847,1849,1851,1853,1855,0,0;                                 1857P   2330
110,164.595238095238,-13.7405724307088,-1.23649767870154,           1859P   2331
164.595238095238,-13.7661716808847,-1.23649767870154,0,0;           1859P   2332
110,164.595238095238,-13.7661716808847,-1.23649767870154,           1861P   2333
164.595238095238,-25.4574070566458,-1.23649767870154,0,0;           1861P   2334
126,3,3,0,0,1,0,0.0,0.0,0.0,0.0,1.0,1.0,1.0,1.0,1.0,1.0,1.0,1.0,    1863P   2335
164.595238095238,-25.4574070566458,-1.23649767870154,               1863P   2336
170.230158922579,-25.2603993088319,-1.23649767870154,               1863P   2337
175.865079562079,-25.063386188195,-1.23649767870154,181.5,          1863P   2338
-24.8663673022952,-1.23649767870154,0.0,1.0,0.0,0.0,0.0,0,0;        1863P   2339
110,181.5,-24.8663673022952,-1.23649767870154,181.5,                1865P   2340
-9.08288782647586,-1.23649767870154,0,0;                            1865P   2341
126,3,3,0,0,1,0,0.0,0.0,0.0,0.0,1.0,1.0,1.0,1.0,1.0,1.0,1.0,1.0,    1867P   2342
181.5,-9.08288782647588,-1.23649767870154,175.866311587439,         1867P   2343
-10.6399239441237,-1.23649767870154,170.230973558237,               1867P   2344
-12.190969790324,-1.23649767870154,164.595238095238,                1867P   2345
-13.7405724307088,-1.23649767870154,0.0,1.0,0.0,0.0,0.0,0,0;        1867P   2346
102,5,1859,1861,1863,1865,1867,0,0;                                 1869P   2347
142,0,1845,1857,1869,3,0,0;                                         1871P   2348
144,1845,1,0,1871,0,0;                                              1873P   2349
128,1,1,1,1,0,0,1,0,0,0.0,0.0,1.0,1.0,0.0,0.0,1.0,1.0,1.0,1.0,      1875P   2350
1.0,1.0,164.595238095238,-1.25000000000018,-13.7391897585699,       1875P   2351
164.595238095238,-0.906119981776995,-13.7391897585699,              1875P   2352
164.595238095238,-1.25000000000018,-13.7661716808847,               1875P   2353
164.595238095238,-0.906119981776995,-13.7661716808847,0.0,1.0,      1875P   2354
0.0,1.0,0,0;                                                        1875P   2355
126,1,1,1,0,1,0,0.0,0.0,1.0,1.0,1.0,1.0,0.0,0.00596421471173397,    1877P   2356
0.0,0.0,1.0,0.0,0.0,1.0,0.0,0.0,1.0,0,0;                            1877P   2357
126,1,1,1,0,1,0,0.0,0.0,1.0,1.0,1.0,1.0,0.0,1.0,0.0,                1879P   2358
0.99403578528827,1.0,0.0,0.0,1.0,0.0,0.0,1.0,0,0;                   1879P   2359
126,1,1,1,0,1,0,0.0,0.0,1.0,1.0,1.0,1.0,0.994035785288253,1.0,      1881P   2360
0.0,0.0,0.00596421471173397,0.0,0.0,1.0,0.0,0.0,1.0,0,0;            1881P   2361
102,3,1877,1879,1881,0,0;                                           1883P   2362
110,164.595238095238,-1.25000000000018,-13.7393506845479,           1885P   2363
164.595238095238,-1.25000000000018,-13.7661716808847,0,0;           1885P   2364
110,164.595238095238,-1.25000000000018,-13.7661716808847,           1887P   2365
164.595238095238,-0.908170956040752,-13.7661716808847,0,0;          1887P   2366
100,-164.595238095238,0.0,0.0,13.7661716808847,                     1889P   2367
0.908170956040754,13.7393506845479,1.25000000000018,0,0;            1889P   2368
102,3,1885,1887,1889,0,0;                                           1891P   2369
142,0,1875,1883,1891,3,0,0;                                         1893P   2370
144,1875,1,0,1893,0,0;                                              1895P   2371
128,1,1,1,1,0,0,1,0,0,0.0,0.0,1.0,1.0,0.0,0.0,1.0,1.0,1.0,1.0,      1897P   2372
1.0,1.0,164.595238095238,-13.7661716808847,-0.906200995704764,      1897P   2373
164.595238095238,-13.7404188352077,-0.906200995704764,              1897P   2374
164.595238095238,-13.7661716808847,-1.23649767870154,               1897P   2375
164.595238095238,-13.7404188352077,-1.23649767870154,0.0,1.0,       1897P   2376
0.0,1.0,0,0;                                                        1897P   2377
126,1,1,1,0,1,0,0.0,0.0,1.0,1.0,1.0,1.0,0.0,0.00596421471172977,    1899P   2378
0.0,0.0,1.0,0.0,0.0,1.0,0.0,0.0,1.0,0,0;                            1899P   2379
126,1,1,1,0,1,0,0.0,0.0,1.0,1.0,1.0,1.0,0.0,1.0,0.0,                1901P   2380
0.99403578528827,1.0,0.0,0.0,1.0,0.0,0.0,1.0,0,0;                   1901P   2381
126,1,1,1,0,1,0,0.0,0.0,1.0,1.0,1.0,1.0,0.99403578528827,1.0,       1903P   2382
0.0,0.0,0.00596421471172321,0.0,0.0,1.0,0.0,0.0,1.0,0,0;            1903P   2383
102,3,1899,1901,1903,0,0;                                           1905P   2384
110,164.595238095238,-13.7661716808847,-0.908170956040729,          1907P   2385
164.595238095238,-13.7661716808847,-1.23649767870154,0,0;           1907P   2386
110,164.595238095238,-13.7661716808847,-1.23649767870154,           1909P   2387
164.595238095238,-13.7405724307088,-1.23649767870154,0,0;           1909P   2388
100,-164.595238095238,0.0,0.0,1.23649767870154,13.7405724307088,    1911P   2389
0.908170956040731,13.7661716808847,0,0;                             1911P   2390
102,3,1907,1909,1911,0,0;                                           1913P   2391
142,0,1897,1905,1913,3,0,0;                                         1915P   2392
144,1897,1,0,1915,0,0;                                              1917P   2393
128,1,1,1,1,0,0,1,0,0,0.0,0.0,1.0,1.0,0.0,0.0,1.0,1.0,1.0,1.0,      1919P   2394
1.0,1.0,164.595238095238,0.906119981776964,13.7661716808847,        1919P   2395
164.595238095238,1.24999999999992,13.7661716808847,                 1919P   2396
164.595238095238,0.906119981776964,13.7391897585699,                1919P   2397
164.595238095238,1.24999999999992,13.7391897585699,0.0,1.0,0.0,     1919P   2398
1.0,0,0;                                                            1919P   2399
126,1,1,1,0,1,0,0.0,0.0,1.0,1.0,1.0,1.0,1.0,0.994035785288326,      1921P   2400
0.0,1.0,0.0,0.0,0.0,1.0,0.0,0.0,1.0,0,0;                            1921P   2401
126,1,1,1,0,1,0,0.0,0.0,1.0,1.0,1.0,1.0,1.0,0.0,0.0,                1923P   2402
0.0059642147117297,0.0,0.0,0.0,1.0,0.0,0.0,1.0,0,0;                 1923P   2403
126,1,1,1,0,1,0,0.0,0.0,1.0,1.0,1.0,1.0,0.0059642147117297,0.0,     1925P   2404
0.0,1.0,0.994035785288197,0.0,0.0,1.0,0.0,0.0,1.0,0,0;              1925P   2405
102,3,1921,1923,1925,0,0;                                           1927P   2406
110,164.595238095238,1.24999999999992,13.7393506845479,             1929P   2407
164.595238095238,1.24999999999992,13.7661716808847,0,0;             1929P   2408
110,164.595238095238,1.24999999999992,13.7661716808847,             1931P   2409
164.595238095238,0.908170956040719,13.7661716808847,0,0;            1931P   2410
100,-164.595238095238,0.0,0.0,-13.7661716808847,                    1933P   2411
-0.908170956040716,-13.7393506845479,-1.24999999999992,0,0;         1933P   2412
102,3,1929,1931,1933,0,0;                                           1935P   2413
142,0,1919,1927,1935,3,0,0;                                         1937P   2414
144,1919,1,0,1937,0,0;                                              1939P   2415
128,1,1,1,1,0,0,1,0,0,0.0,0.0,1.0,1.0,0.0,0.0,1.0,1.0,1.0,1.0,      1941P   2416
1.0,1.0,164.595238095238,8.98464071109484,-1.23649767870154,        1941P   2417
164.595238095238,25.5556541720268,-1.23649767870154,181.5,          1941P   2418
8.98464071109484,-1.23649767870154,181.5,25.5556541720268,          1941P   2419
-1.23649767870154,0.0,1.0,0.0,1.0,0,0;                              1941P   2420
126,1,1,1,0,1,0,0.0,0.0,1.0,1.0,1.0,1.0,0.00592885375494074,1.0,    1943P   2421
0.0,0.95840406071984,1.0,0.0,0.0,1.0,0.0,0.0,1.0,0,0;               1943P   2422
126,1,1,1,0,1,0,0.0,0.0,1.0,1.0,1.0,1.0,0.95840406071984,1.0,       1945P   2423
0.0,0.99407114624506,0.0,0.0,0.0,1.0,0.0,0.0,1.0,0,0;               1945P   2424
126,1,1,1,0,1,0,0.0,0.0,1.0,1.0,1.0,1.0,0.994071146245059,0.0,      1947P   2425
0.0,0.288547890028746,0.0,0.0,0.0,1.0,0.0,0.0,1.0,0,0;              1947P   2426
126,1,1,1,0,1,0,0.0,0.0,1.0,1.0,1.0,1.0,0.288547890028746,0.0,      1949P   2427
0.0,0.287003068993128,0.0,0.0,0.0,1.0,0.0,0.0,1.0,0,0;              1949P   2428
126,1,1,1,0,1,0,0.0,0.0,1.0,1.0,1.0,1.0,0.287003068993128,0.0,      1951P   2429
0.0,0.0059288537549421,1.0,0.0,0.0,1.0,0.0,0.0,1.0,0,0;             1951P   2430
102,5,1943,1945,1947,1949,1951,0,0;                                 1953P   2431
110,181.5,9.08288782647586,-1.23649767870154,181.5,                 1955P   2432
24.8663673022952,-1.23649767870154,0,0;                             1955P   2433
126,6,3,0,0,1,0,0.0,0.0,0.0,0.0,0.98009577901656,                   1957P   2434
0.98009577901656,0.98009577901656,1.0,1.0,1.0,1.0,1.0,1.0,1.0,      1957P   2435
1.0,1.0,1.0,1.0,181.5,24.8663673022952,-1.23649767870154,           1957P   2436
175.9772382637,25.0594646807522,-1.23649767870154,                  1957P   2437
170.454476333761,25.2525565210531,-1.23649767870154,                1957P   2438
164.93171422313,25.4456431930096,-1.23649767870154,                 1957P   2439
164.819555513907,25.4495644830201,-1.23649767870154,                1957P   2440
164.70739680461,25.4534857708978,-1.23649767870154,                 1957P   2441
164.595238095238,25.4574070566458,-1.23649767870154,0.0,1.0,0.0,    1957P   2442
0.0,0.0,0,0;                                                        1957P   2443
110,164.595238095238,25.4574070566458,-1.23649767870154,            1959P   2444
164.595238095238,13.7661716808847,-1.23649767870154,0,0;            1959P   2445
110,164.595238095238,13.7661716808847,-1.23649767870154,            1961P   2446
164.595238095238,13.7405724307088,-1.23649767870154,0,0;            1961P   2447
126,3,3,0,0,1,0,0.0,0.0,0.0,0.0,1.0,1.0,1.0,1.0,1.0,1.0,1.0,1.0,    1963P   2448
164.595238095238,13.7405724307088,-1.23649767870154,                1963P   2449
170.2309750179,12.1909693889748,-1.23649767870154,                  1963P   2450
175.866315917332,10.6399227474299,-1.23649767870154,181.5,          1963P   2451
9.08288782647589,-1.23649767870154,0.0,1.0,0.0,0.0,0.0,0,0;         1963P   2452
102,5,1955,1957,1959,1961,1963,0,0;                                 1965P   2453
142,0,1941,1953,1965,3,0,0;                                         1967P   2454
144,1941,1,0,1967,0,0;                                              1969P   2455
128,1,1,1,1,0,0,1,0,0,0.0,0.0,1.0,1.0,0.0,0.0,1.0,1.0,1.0,1.0,      1971P   2456
1.0,1.0,164.595238095238,0.906119981776932,-13.7391897585699,       1971P   2457
164.595238095238,1.24999999999982,-13.7391897585699,                1971P   2458
164.595238095238,0.906119981776932,-13.7661716808847,               1971P   2459
164.595238095238,1.24999999999982,-13.7661716808847,0.0,1.0,0.0,    1971P   2460
1.0,0,0;                                                            1971P   2461
126,1,1,1,0,1,0,0.0,0.0,1.0,1.0,1.0,1.0,1.0,0.0059642147118044,     1973P   2462
0.0,0.00596421471173125,1.0,0.0,0.0,1.0,0.0,0.0,1.0,0,0;            1973P   2463
126,1,1,1,0,1,0,0.0,0.0,1.0,1.0,1.0,1.0,0.00596421471172967,1.0,    1975P   2464
0.0,1.0,1.0,0.0,0.0,1.0,0.0,0.0,1.0,0,0;                            1975P   2465
126,1,1,1,0,1,0,0.0,0.0,1.0,1.0,1.0,1.0,1.0,1.0,0.0,1.0,            1977P   2466
0.0059642147117401,0.0,0.0,1.0,0.0,0.0,1.0,0,0;                     1977P   2467
102,3,1973,1975,1977,0,0;                                           1979P   2468
100,-164.595238095238,0.0,0.0,13.739350684548,-1.24999999999982,    1981P   2469
13.7661716808847,-0.908170956040696,0,0;                            1981P   2470
110,164.595238095238,0.908170956040687,-13.7661716808847,           1983P   2471
164.595238095238,1.24999999999982,-13.7661716808847,0,0;            1983P   2472
110,164.595238095238,1.24999999999982,-13.7661716808847,            1985P   2473
164.595238095238,1.24999999999982,-13.739350684548,0,0;             1985P   2474
102,3,1981,1983,1985,0,0;                                           1987P   2475
142,0,1971,1979,1987,3,0,0;                                         1989P   2476
144,1971,1,0,1989,0,0;                                              1991P   2477
S      1G      5D   1992P   2477                                        T      1
